index,date,title,body,company,url
0,2020.01.09.,엔씨만 빼고…눈물의 게임株 올해는 볕들까 | 한경닷컴,"
								한때 해외 영토 확장에 따른 성장 스토리가 부각받으면서 주식시장에서 승승장구했던 게임주들이 고전을 면하지 못하고 있다. 업종 대장주인 엔씨소프트(599000 1.35%)는 신작 리니지2M의 흥행을 기반으로 질주하고 있지만 나머지 종목들은 흥행작 부재 속에 주가도 힘을 잃은 모습이다.






                            9일 유가증권시장에서 넷마블(125000 2.88%)은 1700원(1.95%) 오른 8만9000원에 마감했다. 이날 상승했지만 넷마블 주가는 작년 고점에 비해 35.51% 떨어졌다.지난해 선보인 대규모 신작 BTS월드가 흥행에 실패하면서 주가가 급락했고 이후 회복하지 못하고 있다. 금융정보업체 에프앤가이드에 따르면 넷마블의 지난해 영업이익 컨센서스(증권사 추정치 평균)는 전년 대비 5.5% 감소한 2283억원이다. 작년 상반기까지만 해도 게임업종 대장주 자리를 두고 다투던 엔씨소프트와의 시가총액 차이는 9일 기준으로 5조7167억원까지 벌어졌다.주가 부진은 엔씨소프트를 제외한 게임주들의 공통적 현상이다. 시가총액 1조원이 넘는 게임 제작사인 펄어비스(83100 2.72%) 컴투스(102000 2.10%) NHN(69000 1.47%)은 주가가 작년 고점에 비해 각각 19.37% 20.85% 25.59% 떨어졌다.윤을정 신영증권 연구원은 게임산업의 트렌드가 제작기간이 오래 걸리는 다중접속역할게임(MMORPG)으로 이동하면서 제작사들의 신작 출시 주기가 길어졌다며 대작이라고 불릴 게임이 드물고 어렵게 출시된 기대작들도 대부분 흥행에 실패하면서 실적과 주가 모두 부진한 것이라고 설명했다.투자자들이 기다리는 중국 시장 재개방도 요원하다는 평가다. 중국 정부는 2018년 3월 이후 한국 게임에 대한 판호(게임서비스 허가권) 발급을 중단했다. 한 증권사 애널리스트는 게임업계 내부에서는 판호 발급 재개에 대해 사실상 포기한 분위기라며 시진핑 중국 국가주석 방한을 계기로 발급이 재개될 것이라는 예상은 지나친 낙관이라고 지적했다.전문가들은 게임사들의 신작 흥행에 따라 종목별로 주가가 크게 갈릴 것으로 보고 있다. 윤 연구원은 상반기에는 웹보드게임 규제 완화로 수익성 개선이 기대되는 NHN 하반기에는 대규모 신작 출시를 앞둔 넷마블과 펄어비스가 유망하다고 추천했다.전범진 기자 forwardhankyung.com
								",한국경제,https://www.hankyung.com/finance/article/202001095826i
1,2020.01.29.,NHN 5 이상 상승 NHN 4Q19 Preview 상쾌하게 시작하는 2020년  한국투자증권 BUY유지 | 한경닷컴,"







 최근 애널리스트 분석의견 NHN(69000 1.47%) 4Q19 Preview 상쾌하게 시작하는 2020년  한국투자증권 BUY(유지)01월 29일 한국투자증권의 정호윤 애널리스트는 NHN에 대해 컨센서스에 부합하는 무난한 실적. 웹보드게임의 규제완화에 따른 장기 이익개선을 기대. 투자의견 매수와 목표주가 90000원 유지.이라고 분석하며 투자의견 'BUY(유지)'를 제시했다한경로보뉴스이 기사는 한국경제신문과 금융 AI 전문기업 씽크풀이 공동 개발한 기사 자동생성 알고리즘에 의해 실시간으로 작성된 것입니다.
								",한국경제,https://www.hankyung.com/finance/article/202001293157L
2,2020.02.10.,날개 단 페이코에 NHN 연매출 1조 돌파…사상 최대 | 한경닷컴,"






NHN(69000 1.47%)이 지난해 사상 최대의 매출액과 영업이익을 올렸다. 전자결제 서비스 '페이코'가 실적을 이끌었고 게임 커머스 등 다른 사업 부문도 견조한 성장을 달성했다.NHN은 지난해 4분기 연결기준 매출 4006억원 영업익 177억원 당기순손실 307억원을 기록했다고 10일 공시했다.2019년 연간 매출은 2018년보다 17.8% 증가한 1조4891억원 영업익은 26.6% 증가한 869억원을 각각 기록했다.NHN은 지난해 매출과 영업익에 대해 각 사업 부문의 고른 성장에 힘입어 지난해 매출이 1조원을 돌파했다. 사상 최대 기록이라고 설명했다.
                            





                        지난해 4분기 매출을 부문별로 보면 게임 사업은 '컴파스'와 '크루세이더 퀘스트' 웹보드 게임의 선전으로 전 분기 대비 1.5% 늘어난 1003억원을 기록했다. 특히 모바일 웹보드 게임이 20% 수준의 매출 상승세를 보여줬다.결제 및 광고 사업 부문은 페이코 거래규모가 전년 동기 대비 30% 성장해 견조한 실적을 달성해다. 또 NHN한국사이버결제(46100 1.43%)의 온라인 커머스 및 해외 가맹점의 거래 증가로 전년 동기 대비 2.8% 전 분기 대비 14.7% 증가한 1405억원의 매출을 달성했다.콘텐츠 부문은 NHN벅스(6310 0.16%)의 아티스트 음반 발매 및 음원 유통 확대효과와 웹툰 '코미코(82100 0.24%)' 이용자 증가로 매출 상승 효과를 냈다. 단 NHN티켓링크 매출이 저조해 전년 동기 대비 0.3% 감소 전 분기 대비로는 0.5% 증가한 448억원의 매출을 거뒀다.커머스 부문 매출은 중국 광군제 영향으로 에이컴메이트 매출이 크게 늘어난 데다 NHN글로벌과 NHN고도의 안정적 매출 기여가 더해져 전년 동기 대비 33.1% 전 분기 대비 37.3% 성장한 717억원을 기록했다.기술 부문의 경우 PNP시큐어의 계절적 성수기 영향과 '토스트(TOAST)' 클라우드의 외부 매출 상승 NHN테코러스의 클라우드 제품 판매 호조세가 지속되며 전년 동기 대비 32.7% 전 분기 대비 32.0% 증가한 421억원의 매출을 올렸다.기타 사업은 NHN여행박사의 여행 수요 감소 영향으로 전년 동기 대비 22.0% 전 분기 대비 25.5% 감소한 64억원으로 집계됐다.NHN은 올해 게임 사업 부문에서 '크리티컬 옵스리로디드'와 '용비불패M'을 상반기 출시할 계획이다. 또 배틀로열 FPS 장르 신작과 유명 애니메이션 IP(지적재산권)를 이용한 게임을 일본을 비롯한 동남아시아에 출시할 계획이다.페이코 사업은 '페이코 오더' 중심으로 오프라인 결제를 지속 확대할 방침. 아울러 금융 부문 '마이데이터' 실증사업자로서 데이터 비즈니스 사업 확대 초석을 다지는 데 집중하기로 했다.정우진 NHN 대표는 급변하는 대외 환경에도 불구하고 각 사업 부문별로 고르게 성장해 고무적이다. 올해는 페이코를 중심으로 커머스와 기술 콘텐츠 등 부문별 사업 경쟁력을 높이는 데 초점을 맞추겠다고 말했다.최수진 한경닷컴 기자 naivehankyung.com
",한국경제,https://www.hankyung.com/it/article/202002102552g
3,2020.02.24.,신작 게임 흥행 조짐에 네오위즈 질주 | 한경닷컴,"
								게임회사 네오위즈(27150 2.45%)가 꾸준히 주가를 높여가고 있다. 신작 게임이 흥행 조짐을 보이고 웹보드게임 규제 완화도 기대되기 때문이다.24일 코스닥시장에서 네오위즈는 400원(2.21%) 오른 1만8500원에 마감했다. 올 들어 9.14% 6개월 전보다 17.09% 상승했다. 급등 수준은 아니지만 올해 코스닥지수가 4.56% 하락한 것과 비교하면 관심을 끌 만한 성과라고 전문가들은 평가했다.증권가에선 네오위즈가 오랜 부진에서 벗어나 완연한 부활의 길에 들어선 것으로 보고 있다. 김학준 키움증권 연구원은 네오위즈는 올해 상반기 가장 많은 게임을 출시하는 국내 게임사라며 웹보드게임의 이익 안정성에 신작 게임의 성장성이 더해질 것이라고 말했다.신작 게임의 성과는 벌써 나타나고 있다. 지난 19일 글로벌 게임 플랫폼 스팀에 출시한 스컬이 최다 판매(톱 셀링) 부문 1위를 기록하고 있기 때문이다. 안재민 NH투자증권 연구원은 스컬이 지금 수준의 순위를 이어간다면 하루 매출 1억2억원은 충분히 나올 수 있다며 분기당 매출이 90억원 영업이익은 30억원가량 늘어날 것이라고 예상했다.웹보드게임 규제 완화도 기대 요인이다. 문화체육관광부는 웹보드게임을 할 때 하루에 10만원을 잃으면 24시간 게임 접속을 제한하는 규제를 폐지하는 것을 검토 중이다. 이민아 대신증권 연구원은 최종 심사 통과만 남아 있다며 규제가 폐지되면 웹보드게임 매출이 올해 25%가량 늘어날 수 있다고 말했다.임근호 기자 eigenhankyung.com
								",한국경제,https://www.hankyung.com/finance/article/2020022414481
4,2020.03.04.,NHN 5 이상 상승 춘풍은 그래도 분다  하나금융투자 BUY | 한경닷컴,"







 최근 애널리스트 분석의견 춘풍은 그래도 분다  하나금융투자 BUY03월 04일 하나금융투자의 황승택 정우상 애널리스트는 NHN(69000 1.47%)에 대해 가시화된웹보드게임규제완화 페이코관련핀테크비즈니스의턴어라운드 신규게임 출시 및 기존 게임의 성과 개선을 바탕으로 NHN의 펀더멘털개선에 대한 기대치가 커지고 있다. 게임 페이코 그외 커머스등의 자회사펀더멘털 개선은 투자 심리 개선을 견인할 전망이며 주가흐름 역시 이를 기반으로 양호한 모습을 기록할 것으로 판단된다. 비중 확대의시점이다. 보드게임 규제완화에 모바일게임 성장에 대한 기대까지.이라고 분석하며 투자의견 'BUY' 목표주가 '110000원'을 제시했다.한경로보뉴스이 기사는 한국경제신문과 금융 AI 전문기업 씽크풀이 공동 개발한 기사 자동생성 알고리즘에 의해 실시간으로 작성된 것입니다.
								",한국경제,https://www.hankyung.com/finance/article/202003045647L
5,2020.03.23.,웹보드 게임사 네오위즈 규제완화 수혜 예상 | 한경닷컴,"
								리서치알음은 23일 네오위즈(27150 2.45%)에 대해 규제 완화로 수혜가 예상된다고 분석했다. 적정주가로는 2만1500원을 제시했다.이재영 연구원은 국내 게임산업법에 대한 논의는 문재인 대통령이 후보 시절부터 규제 완화 필요성을 피력해온 정책 중 하나라며 그 중 사행성 게임 규제는 올해 3차 개정이 예정돼 네오위즈의 실적개선 동력으로 기대되는 사안이라고 말했다.국내 사행성 게임 규제는 2014년 온라인 게임 머니를 실제 현금으로 교환해주는 불법 환전 사업을 근절하기 위해 제정됐다. 고스톱 포커 맞고 등 게임의 1회 베팅한도 및 월 충전한도를 각각 3만원과 30만원으로 제한했다. 또 하루 손실금액 10만원 초과 시 24시간 동안 게임 접속을 금지했다. 2016년 개정을 통해 한도가 각각 5만원과 50만원으로 높아졌다.  이 연구원은 1차 개정안이 시행된 2016년 네오위즈의 국내 매출은 1166억원으로 전년 대비 13.6% 증가했다며 올해 논의될 개정안의 핵심은 일일 손실금액 확대 또는 폐지 및 게임접속 금지 규제 철회라고 했다.규제 완화책은 다음달 중순 이후 결과가 발표될 것으로 예상했다. 현재 하루 10만원 이상 과금 유저는 일부에 불과하지만 네오위즈 영업실적에서 차지하는 비중이 커 직접적인 영향을 미칠 것으로 봤다.이와 함께 올해는 지난해 4분기 마무리된 모바일과 PC 서버 통합 효과가 온기 반영된다. 서버 통합 후 네오위즈의 지난해 4분기 국내 매출은 전년 동기 대비 44% 증가한 426억원을 기록했다. 
                            





                        한민수 한경닷컴 기자 hmshankyung.com
",한국경제,https://www.hankyung.com/finance/article/2020032331736
6,2020.05.08.,NHN 결제·게임 언택트 호조…1분기 영업익 전년비 30↑ | 한경닷컴,"




NHN 사옥 '플레이뮤지엄'.

                            NHN이 올해 1분기 코로나19(신종 코로나바이러스 감염증) 불확실성 속에서도 온라인 결제와 게임 부문 호조에 힘입어 호실적을 냈다. 언택트(비대면) 트렌드의 수혜를 입은 것으로 풀이된다.NHN은 1분기 매출이 전년 동기 대비 6.5% 증가한 3946억원 영업이익은 30.2% 뛴 283억원을 기록했다고 8일 발표했다. 당기순이익도 58.9% 늘어난 176억원을 올렸다.부문별로 보면 결제 및 광고사업 매출이 지난해 1분기에 비해 22% 늘어난 1513억원을 달성 뚜렷한 성장세를 보였다. 페이코 거래규모가 31% 성장한 데다 NHN한국사이버결제의 온라인 전자결제대행(PG)과 해외 가맹점 결제 증가가 힘을 보탰다.게임 매출도 PC와 모바일 웹보드 게임의 계절적 성수기 효과와 일본 라인 디즈니 쯔무쯔무 요괴워치 푸니푸니의 매출 상승이 더해져 전 분기 대비 4.7% 증가한 1047억원을 기록했다. 비중으로는 모바일 게임 66%와 PC 게임 34% 국내 서비스 49% 해외 서비스 51%였다.커머스의 경우 코로나19로 인해 미국 NHN글로벌 매출이 감소했지만 NHN고도의 온라인 거래 증가 에이컴메이트 사업 확대를 발판 삼아 오히려 전년 동기 대비 25.5% 오른 매출 637억원을 올렸다.반면 콘텐츠 매출은 전 분기 대비 11.9% 떨어진 394억원으로 집계됐다. 웹툰 사업의 매출 기여에도 NHN벅스의 지난 분기 음반 발매에 대한 기저효과 코로나19 영향에 따른 티켓링크 매출 감소가 악영향을 끼쳤다. 기술 매출도 전 분기 대비 15% 감소한 366억원을 기록했다. 단 전년 동기 대비로는 44.3% 증가해 전체적인 상승 추세는 유지했다고 회사 측은 설명했다. 기타 매출은 여행 수요 감소로 NHN여행박사 매출이 타격을 받으면서 전 분기 대비 23% 줄어든 49억원에 그쳤다.
                            



표 NHN 1분기 실적  출처NHN 제공

                        NHN은 페이코의 성장세를 특히 강조했다. 페이코는 올 1분기 거래규모가 전년 동기 대비 31% 성장한 1조7000억원 수준 월간 이용자 수(MAU) 4백만명을 확보했다. 데이터3법 개정에 발맞춰 금융위원회 주도의 마이데이터 사업자 라이선스 준비도 진행하고 있다.정우진 NHN 대표는 코로나19에도 결제 부문과 게임 사업에서 견고한 모습을 보여주고 있다며 하반기엔 크리티컬 옵스리로디드 용비불패M 등 게임 신작을 출시하겠다. 아울러 페이코의 생활밀착형 플랫폼 도약을 위해 쿠폰페이코오더캠퍼스존식권 등으로 서비스 영역을 확장해나갈 것이라고 말했다.김봉구 한경닷컴 기자 kbk9hankyung.com기사제보 및 보도자료 openhankyung.com
",한국경제,https://www.hankyung.com/it/article/202005086291g
7,2020.05.11.,NHN 52주 신고가 경신 전일 외국인 대량 순매수 | 한경닷컴,"







 주체별 매매동향 전일 외국인 대량 순매수지난 한달을 기준으로 보면 외국인이 8.8만주를 순매수했고 기관도 9.8만주를 순매수했다. 반면 개인들은 18.6만주를 순매도한 것으로 나타났다. 같은 기간 이 종목의 거래 비중은 기관과 개인이 각각 22.6% 59.5%로 비중이 높다.한편 외국인은 이 종목에 대해서 최근 6일 연속 6.2만주 순매수를 하고 있다. 더욱이 전일 외국인이 대량 순매수를 하고 있어 투자자들의 관심이 집중되고 있다.그래프NHN(69000 1.47%) 외국인기관 매매동향













 최근 애널리스트 분석의견 테크핀의 다크호스  하이투자증권 BUY(유지)05월 11일 하이투자증권의 김민정 애널리스트는 NHN에 대해 페이코는 단순 결제 서비스를 넘어 데이터기반의 금융서비스를 확대할 것으로 이익에 기여 할 수 있는 거래액이 증가하면서 질적 개선이 이루어 질 것. 지난 4월7일 웹보드 규제 개선 시행령 일부 개정안이 공포됨에 따라 PC와 모바일 웹보드 게임 매출액 상승이 감지 되고 있어 2분기부터는 규제 완화에 따른 매출 상승 효과 발생. 웹보드 게임 매출증가와 모바일 게임 신작 출시로 올해 게임 매출액은 3년만에 플러스 성장 전환 가능.이라고 분석하며 투자의견 'BUY(유지)' 목표주가 '120000원'을 제시했다.한경로보뉴스이 기사는 한국경제신문과 금융 AI 전문기업 씽크풀이 공동 개발한 기사 자동생성 알고리즘에 의해 실시간으로 작성된 것입니다.
								",한국경제,https://www.hankyung.com/finance/article/202005113410L
8,2020.05.11.,NHN 5 이상 상승 테크핀의 다크호스  하이투자증권 BUY유지 | 한경닷컴,"







 최근 애널리스트 분석의견 테크핀의 다크호스  하이투자증권 BUY(유지)05월 11일 하이투자증권의 김민정 애널리스트는 NHN(69000 1.47%)에 대해 페이코는 단순 결제 서비스를 넘어 데이터기반의 금융서비스를 확대할 것으로 이익에 기여 할 수 있는 거래액이 증가하면서 질적 개선이 이루어 질 것. 지난 4월7일 웹보드 규제 개선 시행령 일부 개정안이 공포됨에 따라 PC와 모바일 웹보드 게임 매출액 상승이 감지 되고 있어 2분기부터는 규제 완화에 따른 매출 상승 효과 발생. 웹보드 게임 매출증가와 모바일 게임 신작 출시로 올해 게임 매출액은 3년만에 플러스 성장 전환 가능.이라고 분석하며 투자의견 'BUY(유지)' 목표주가 '120000원'을 제시했다.한경로보뉴스이 기사는 한국경제신문과 금융 AI 전문기업 씽크풀이 공동 개발한 기사 자동생성 알고리즘에 의해 실시간으로 작성된 것입니다.
								",한국경제,https://www.hankyung.com/finance/article/202005113422L
9,2020.05.11.,고스톱·포커株 규제 풀리자 뜀박질 | 한경닷컴,"
								온라인 고스톱포커 게임에 적용됐던 1일 10만원 손실한도가 사라지면서 관련 게임업체들에 매수세가 몰리고 있다. 신종 코로나바이러스 감염증(코로나19) 사태로 카지노 영업이 중단된 반사이익까지 누리고 있어 2분기 실적 전망은 더욱 밝다는 게 전문가들의 분석이다.






NHN(69000 1.47%) 주가는 11일 6.27% 오른 8만8200원에 장을 마쳤다. 최근 6거래일 연속 오름세다. 코로나19 사태 속에서도 수혜를 누린 게임과 결제부문에서 좋은 실적을 내 1분기 시장 추정치를 웃도는 실적을 거둔 데다 웹보드 게임 규제 완화가 적용된 2분기 실적도 호조를 보일 것이란 기대가 반영됐다는 분석이다.김소혜 한화투자증권 연구원은 1분기 실적은 게임 매출 증가와 결제광고 관련 사업 호조로 컨센서스를 웃돌았다며 웹보드 게임 매출은 하루 10만원 손실한도가 폐지된 규제완화가 적용되면서 2분기에도 성장을 이어갈 것으로 전망한다고 밝혔다.증권사들은 NHN의 목표주가를 일제히 상향 조정했다. NH투자증권은 기존 7만5000원에서 9만원으로 높여 잡았다. 신한금융투자도 같은 날 기존치 대비 15%가량 오른 10만5000원을 목표주가로 제시했다. 한화투자증권도 9만원에서 10만원으로 수정 발표했다.웹보드게임 1일 손실한도는 하루 손실액을 10만원으로 제한하고 이를 넘기면 24시간 동안 게임을 할 수 없도록 하는 규제다. 월 손실한도(50만원)와 중복되는 이중 규제라는 지적에 지난달 7일 1일 손실한도가 폐지됐다. 온라인에서 진행되는 맞고 포커에서 잃을 수 있는 돈이 늘어난 탓에 게임업계에서는 관련 실적이 늘어날 것으로 기대하고 있다.카지노를 찾지 못하는 이용객이 온라인 게임으로 몰려든 것도 호재다. 네오위즈(27150 2.45%)도 같은 이유로 이날 4.89% 올랐다. NHN과 네오위즈의 주가는 규제가 폐지된 7일 이후 각각 27.1%와 15.2% 상승했다. 소셜카지노 등 모바일 게임 42개를 운영 중인 미투젠은 올 하반기 코스닥 상장을 준비하고 있다.박재원 기자 wonderfulhankyung.com
								",한국경제,https://www.hankyung.com/finance/article/2020051160791
10,2020.05.17.,지어소프트·엔씨소프트·네이버…집콕족 구독형 소비株 담아라 | 한경닷컴,"






                        신종 코로나바이러스 감염증(코로나19)이 재확산 조짐을 보이는 데다 미국과 중국이 코로나19 책임 문제를 놓고 연일 갈등을 키우고 있다. 글로벌 증시의 불확실성은 다시 커지는 흐름이다. 전문가들이 올 2분기까지 실적 안정성이 높은 경기방어주로 포트폴리오를 구성할 때라고 조언하는 배경이다.식료품주 훨훨






CJ제일제당(443000 1.84%) 농심(291500 0.34%) 등이 포함된 KRX 필수소비재 지수는 2분기 들어 지난 14일까지 17.17% 올랐다. 코로나19로 경기가 어려워져도 소비자들이 먹는 것만큼은 줄이지 않고 있어서다. 특히 외식이 줄면서 간편식 시장이 급격히 커지고 있다.CJ제일제당은 1분기 영업이익이 작년 동기 대비 54.0% 늘어난 2759억원을 기록했다. 컨센서스(증권사 추정치 평균)를 16.2% 웃돈 어닝서프라이즈다. CJ제일제당 주가는 2분기 들어 14일까지 39.35% 상승했다. 주류주인 하이트진로(35000 1.89%)도 33.70% 올랐다.이들 종목은 2분기에도 실적 개선 기대가 크다. CJ제일제당의 2분기 영업이익 컨센서스는 작년 동기보다 24.6% 늘어난 2185억원이다. 농심은 2분기 영업이익 컨센서스가 1개월 전 전망치(164억원)보다 오른 173억원이다.한국경제TV 전문가인 김동엽 파트너는 농심은 라면 부문의 매출 호조로 큰 폭의 성장이 가능할 것이라고 설명했다. 8월 말까지 사용 가능한 정부 재난지원금이 지급되면서 식료품주의 실적 전망치는 더 오를 것으로 증권업계는 내다보고 있다.지어소프트(24150 2.11%)도 코로나19 수혜가 예상된다. 2분기 들어 14일까지 81.55% 급등했다. 온라인으로 유기농 신선식품을 판매 중인 오아시스를 자회사로 두고 있다. 오아시스의 1분기 영업이익이 작년보다 145.1% 늘어난 23억원을 기록하자 모회사인 지어소프트로 매수세가 몰리고 있다.게임주는 선별 투자해야코로나19로 집콕하는 사람이 늘면서 게임주에 대한 실적 개선 기대도 커지고 있다. 다만 업체별로 선별적 투자가 필요하다는 조언이 나온다.대장주인 엔씨소프트(599000 1.35%)의 실적이 안정적이다. 엔씨소프트는 1분기 영업이익이 작년 동기보다 203.6% 늘어난 2414억원을 기록했다. 이동륜 KB증권 연구원은 리니지2M의 아시아 확장을 비롯해 각종 신작 출시 일정에 지장이 없어 실적 안정성이 높다고 설명했다. 엔씨소프트의 목표주가 평균은 1개월 전 81만5000원에서 최근 90만원으로 올랐다.네오위즈(27150 2.45%)도 실적 안정성을 뽐내고 있다. 1분기 영업이익은 컨센서스를 37.5% 웃돈 136억원이다. 어닝서프라이즈다. 네오위즈 주가는 2분기 들어 14일까지 35.54% 올랐다. 한국경제TV 전문가인 김대복 파트너는 웹보드 게임의 성장세가 눈에 띄고 있다며 네오위즈는 2분기 이후 실적도 크게 개선할 전망이라고 설명했다.올 1분기 62억원의 영업이익을 내며 작년 대비 흑자전환한 게임빌(33000 1.54%)도 전문가들의 추천 종목에 올랐다. 반면 넷마블(125000 2.88%)은 2분기 들어 14일까지 0.96% 오르는 데 그쳤다. 1분기 영업이익이 작년보다 39.8% 줄어든 204억원을 기록했다. PC방 관련 매출이 줄어든 데다 신작 출시가 지연된 영향이다.경기방어력 뽐내는 IT 관련주는비대면(언택트) 소비가 활성화하면서 인터넷 플랫폼 관련주와 디지털 광고주도 실적 안정성을 뽐내고 있다. 네이버(394000 3.43%)의 1분기 영업이익은 컨센서스를 14.0% 웃돈 2215억원이다. 카카오(120000 3.61%)도 1분기 영업이익이 컨센서스보다 19.9% 많은 882억원을 기록하며 대세로 떠올랐다. 디지털 광고 부문이 호실적을 이끌고 있다.네이버와 카카오는 2분기 들어 14일까지 각각 28.82% 44.69% 올랐다. 한국경제TV 전문가인 한옥석 파트너는 코로나19 재확산으로 혜택을 보는 기업에 집중해야 한다며 한국판 플랫폼 기업으로의 성장 기대가 커지는 네이버에 주목할 때라고 조언했다.고윤상 기자 kyshankyung.com
								",한국경제,https://www.hankyung.com/finance/article/2020051755291
11,2020.06.23.,네오위즈 10 이상 상승 전일 외국인 대량 순매수 | 한경닷컴,"







 주체별 매매동향 전일 외국인 대량 순매수지난 한달을 기준으로 보면 외국인이 41.8만주를 순매수한 반면 기관은 37.6만주를 순매도했고 개인들도 7.8만주를 순매도한 것으로 집계됐다. 같은 기간 이 종목의 거래비중은 외국인과 개인이 각각 16.3% 78.5%로 비중이 높다.한편 외국인은 이 종목에 대해서 최근 7일 연속 23.0만주 순매수를 하고 있다. 더욱이 전일 외국인이 대량 순매수를 하고 있어 투자자들의 관심이 집중되고 있다.그래프네오위즈(27150 2.45%) 외국인기관 매매동향













 최근 애널리스트 분석의견 비수기에 이 정도면 하반기 성수기에는  NH투자증권 BUY(유지)06월 23일 NH투자증권의 안재민 애널리스트는 네오위즈에 대해 웹보드 게임 매출이 2분기에도 이어지고 있는 것으로 판단하며 규제 완화 이슈와 함께 2분기에도양호한 실적 성장을 보일 것으로 전망. 비수기인 2분기에 이정도 실적이면하반기 성수기 진입과 함께 또 한번의 실적 성장 기대. 웹보드는 하반기 성수기 시즌에 돌입하면서 다시 한번 매출 성장을 보일전망. 또한 하반기에는 다수의 신작 게임이 예정되어 있는데 스컬  여신풍폭  로스트아크  블레스언리쉬드 등 해외 출시를 준비 중.이라고 분석하며 투자의견 'BUY(유지)' 목표주가 '32000원'을 제시했다.한경로보뉴스이 기사는 한국경제신문과 금융 AI 전문기업 씽크풀이 공동 개발한 기사 자동생성 알고리즘에 의해 실시간으로 작성된 것입니다.
								",한국경제,https://www.hankyung.com/finance/article/202006237083L
12,2020.06.24.,네오위즈 52주 신고가 경신 전일 외국인 대량 순매수 | 한경닷컴,"







 주체별 매매동향 전일 외국인 대량 순매수지난 한달을 기준으로 보면 외국인이 52.4만주를 순매수한 반면 기관은 39.2만주를 순매도했고 개인들도 16.4만주를 순매도한 것으로 집계됐다. 같은 기간 이 종목의 거래비중은 외국인과 개인이 각각 16.0% 79.4%로 비중이 높다.한편 외국인은 이 종목에 대해서 최근 8일 연속 33.7만주 순매수를 하고 있다. 더욱이 전일 외국인이 대량 순매수를 하고 있어 투자자들의 관심이 집중되고 있다.그래프네오위즈(27150 2.45%) 외국인기관 매매동향













 최근 애널리스트 분석의견 비수기에 이 정도면 하반기 성수기에는  NH투자증권 BUY(유지)06월 23일 NH투자증권의 안재민 애널리스트는 네오위즈에 대해 웹보드 게임 매출이 2분기에도 이어지고 있는 것으로 판단하며 규제 완화 이슈와 함께 2분기에도양호한 실적 성장을 보일 것으로 전망. 비수기인 2분기에 이정도 실적이면하반기 성수기 진입과 함께 또 한번의 실적 성장 기대. 웹보드는 하반기 성수기 시즌에 돌입하면서 다시 한번 매출 성장을 보일전망. 또한 하반기에는 다수의 신작 게임이 예정되어 있는데 스컬  여신풍폭  로스트아크  블레스언리쉬드 등 해외 출시를 준비 중.이라고 분석하며 투자의견 'BUY(유지)' 목표주가 '32000원'을 제시했다.한경로보뉴스이 기사는 한국경제신문과 금융 AI 전문기업 씽크풀이 공동 개발한 기사 자동생성 알고리즘에 의해 실시간으로 작성된 것입니다.
								",한국경제,https://www.hankyung.com/finance/article/202006244166L
13,2020.06.25.,네오위즈 52주 신고가 경신 전일 외국인 대량 순매수 | 한경닷컴,"







 주체별 매매동향 전일 외국인 대량 순매수지난 한달을 기준으로 보면 외국인이 64.1만주를 순매수한 반면 기관은 32.7만주를 순매도했고 개인들도 31.6만주를 순매도한 것으로 집계됐다. 같은 기간 이 종목의 거래비중은 외국인과 개인이 각각 16.0% 79.6%로 비중이 높다.한편 외국인은 이 종목에 대해서 최근 9일 연속 42.9만주 순매수를 하고 있다. 더욱이 전일 외국인이 대량 순매수를 하고 있어 투자자들의 관심이 집중되고 있다.그래프네오위즈(27150 2.45%) 외국인기관 매매동향













 최근 애널리스트 분석의견 비수기에 이 정도면 하반기 성수기에는  NH투자증권 BUY(유지)06월 23일 NH투자증권의 안재민 애널리스트는 네오위즈에 대해 웹보드 게임 매출이 2분기에도 이어지고 있는 것으로 판단하며 규제 완화 이슈와 함께 2분기에도양호한 실적 성장을 보일 것으로 전망. 비수기인 2분기에 이정도 실적이면하반기 성수기 진입과 함께 또 한번의 실적 성장 기대. 웹보드는 하반기 성수기 시즌에 돌입하면서 다시 한번 매출 성장을 보일전망. 또한 하반기에는 다수의 신작 게임이 예정되어 있는데 스컬  여신풍폭  로스트아크  블레스언리쉬드 등 해외 출시를 준비 중.이라고 분석하며 투자의견 'BUY(유지)' 목표주가 '32000원'을 제시했다.한경로보뉴스이 기사는 한국경제신문과 금융 AI 전문기업 씽크풀이 공동 개발한 기사 자동생성 알고리즘에 의해 실시간으로 작성된 것입니다.
								",한국경제,https://www.hankyung.com/finance/article/202006258022L
14,2020.06.28.,코로나 시대의 승자 BBIG7…새 주도주로 자리잡았다 | 한경닷컴,"




GettyImagesBank

                        올 상반기 신종 코로나바이러스 감염증(코로나19) 사태로 바이오 배터리 인터넷 게임업종의 대형주들이 새로운 주도주()로 자리잡았다. 이른바 BBIG7으로 불리는 삼성바이오로직스(915000 0.22%) 셀트리온(265000 1.15%) LG화학(736000 1.47%) 삼성SDI(754000 1.75%) 네이버(394000 3.43%) 카카오(120000 3.61%) 엔씨소프트(599000 1.35%) 등이다. BBIG7은 전통산업 강자들의 순위를 끌어내렸다. 올 들어 7개 종목은 평균 66.95% 상승했다. 같은 기간 코스피지수는 3.88% 하락했고 시가총액 1위 삼성전자(77600 1.70%)는 6.99% 주가가 떨어졌다. 한국경제TV(7280 0.28%) 전문가들은 올 하반기 이 같은 성장주의 질주가 이어질 것으로 전망했다. 코로나19 사태가 잦아들지 않으면서 성장주에 대한 쏠림 현상이 더 두드리질 수 있다는 분석이다.코로나 변수는 계속된다국내 주요 증권사들은 올 하반기 증시에 대해 다소 부정적인 관측을 내놨다. 코로나19 백신이 개발되기 전까지 경기가 빠르게 정상화될 가능성이 낮다는 관측이 우세하다. 최근 세계 곳곳에서 2차 확산 조짐이 나타나면서 하반기 전망은 점차 어두워졌다. 증권사들이 하반기 코스피지수 전망치를 17002480으로 잡는 등 고점과 저점의 격차가 약 800포인트에 달하는 전망을 내놓은 것도 이 때문이다.
                            





                        전문가들은 코로나 폭락장에서 가파른 V자 반등을 이끌어낸 것은 풍부한 유동성과 경제 재개에 대한 기대감이라고 분석했다. 감은숙 한경TV 파트너는 최근 증시 반등은 각국의 경기 부양책 평소보다 2배 이상 많아진 고객 예탁금 제로 수준의 금리 부동산 정책 강화로 투자처를 잃은 뭉칫돈 등이 빚어낸 결과라고 분석했다. 김문석 파트너는 주가는 실물경기에 선행한다며 코로나19 치료제 및 백신이 나오면 내년에 글로벌경제 활동이 정상화할 것이라는 기대와 천문학적인 양적완화를 통한 경기부양책이 맞물리며 나스닥은 사상 첫 10000선 시대를 맞았고 주요국 증시도 코로나19 이전 수준으로 회복했다고 말했다.하지만 코로나19가 재확산 조짐을 보이고 있는 것이 큰 변수라고 했다. 최승욱 파트너는 각국이 내놓은 경기부양책은 경기를 회복시키기엔 제한적인 역할을 할 수밖에 없다며 코로나19에 대한 해법이 나와야 시장이 정상화될 것으로 보인다고 진단했다.2분기 실적 발표 시기에 크게 장이 흔들릴 수 있다는 우려도 있다. 권태민 파트너는 2분기 실적 발표 전 시장이 크게 흔들릴 수 있으며 기업들이 2분기 악화된 실적을 발표하는 시기가 2차 저점을 만들 수도 있다고 말했다.성장주 질주는 계속이 때문에 코로나19가 재확산되면 실물경기 회복 기대로 올라온 업종의 투자심리가 위축될 수 있다는 전망이 나온다. 이렇게 되면 주식시장으로 유입된 자금이 코로나19의 직접적 혜택을 받는 소프트웨어나 비대면 플랫폼 관련 종목으로 계속 들어갈 수 있다는 분석이다. 쏠림 현상이 장기화할 가능성이 높은 셈이다. 김문석 파트너는 3분기도 여전히 BBIG7의 역할이 이어질 전망이라며 2분기에 상대적으로 부진했던 반도체자동차석유화학금융 등 경기민감업종 대표주들도 하반기 기저효과에 대한 기대에 수급 개선이 예상된다고 했다. BBIG7 이외에도 현대기아차(84100 1.82%) 에쓰오일(100500 1.62%) SK이노베이션(255000 2.20%) KB금융(53000 2.32%) 등을 추천한 이유다.코로나19가 빠른 시간 안에 종식되더라도 비대면 시대가 한동안 이어질 것이란 관측이 있다. 코로나19의 종식 여부와 관계없이 관련주들이 주목받을 수밖에 없다는 설명이다. 양태원 파트너는 2분기 실적 향상이 확실시되는 GS리테일(34600 1.17%)을 추천한다며 사회적 거리두기 재난지원금으로 인한 수혜는 물론 등교 및 개학으로 학교 근처의 편의점 매출 또한 늘어난 것으로 추정해 볼 때 실적을 바탕으로 한 상승 랠리가 가능할 것으로 보인다고 말했다.일부 전문가는 너무 올랐다는 생각을 버려야 한다는 긍정적인 제안도 내놨다. 류태형 전문가는 K바이오를 대표하는 삼성바이오로직스 셀트리온에 대한 관심은 지속돼야 한다며 여기에서 파생되는 개별 강점들을 지닌 K바이오 섹터에 주목해야 한다고 했다. 이 밖에 코로나19 재확산으로 집에 머무는 시간이 길어질 경우 웹보드 게임주인 네오위즈(27150 2.45%)의 전망이 밝다는 분석도 내놨다.한경TV 전문가들은 개별 추천 종목으로 5G 수혜주로 불리는 통신무선망 전문기업인 이노와이어와 자회사 기업공개가 예정된 다원시스(19400 0.26%)와 동구바이오제약(8950 0.22%) 가을 스마트폰 신제품 출시 수혜주인 실리콘웍스(112700 0.18%)와 비에이치(20600 0.49%) 하반기 관계사 설비투자 수혜가 예상되는 힘스와 코미코(82100 0.24%) 연말 수능을 앞둔 메가스터디교육(78100 2.23%) 등을 함께 추천했다.박재원 기자 wonderfulhankyung.com
								",한국경제,https://www.hankyung.com/finance/article/2020062869081
15,2020.06.29.,네오위즈 52주 신고가 경신 비수기에 이 정도면 하반기 성수기에는  NH투자증권 BUY유지 | 한경닷컴,"







 최근 애널리스트 분석의견 비수기에 이 정도면 하반기 성수기에는  NH투자증권 BUY(유지)06월 23일 NH투자증권의 안재민 애널리스트는 네오위즈(27150 2.45%)에 대해 웹보드 게임 매출이 2분기에도 이어지고 있는 것으로 판단하며 규제 완화 이슈와 함께 2분기에도양호한 실적 성장을 보일 것으로 전망. 비수기인 2분기에 이정도 실적이면하반기 성수기 진입과 함께 또 한번의 실적 성장 기대. 웹보드는 하반기 성수기 시즌에 돌입하면서 다시 한번 매출 성장을 보일전망. 또한 하반기에는 다수의 신작 게임이 예정되어 있는데 스컬  여신풍폭  로스트아크  블레스언리쉬드 등 해외 출시를 준비 중.이라고 분석하며 투자의견 'BUY(유지)' 목표주가 '32000원'을 제시했다.한경로보뉴스이 기사는 한국경제신문과 금융 AI 전문기업 씽크풀이 공동 개발한 기사 자동생성 알고리즘에 의해 실시간으로 작성된 것입니다.
								",한국경제,https://www.hankyung.com/finance/article/202006299241L
16,2020.07.06.,네오위즈 52주 신고가 경신 비수기에 이 정도면 하반기 성수기에는  NH투자증권 BUY유지 | 한경닷컴,"







 최근 애널리스트 분석의견 비수기에 이 정도면 하반기 성수기에는  NH투자증권 BUY(유지)06월 23일 NH투자증권의 안재민 애널리스트는 네오위즈(27150 2.45%)에 대해 웹보드 게임 매출이 2분기에도 이어지고 있는 것으로 판단하며 규제 완화 이슈와 함께 2분기에도양호한 실적 성장을 보일 것으로 전망. 비수기인 2분기에 이정도 실적이면하반기 성수기 진입과 함께 또 한번의 실적 성장 기대. 웹보드는 하반기 성수기 시즌에 돌입하면서 다시 한번 매출 성장을 보일전망. 또한 하반기에는 다수의 신작 게임이 예정되어 있는데 스컬  여신풍폭  로스트아크  블레스언리쉬드 등 해외 출시를 준비 중.이라고 분석하며 투자의견 'BUY(유지)' 목표주가 '32000원'을 제시했다.한경로보뉴스이 기사는 한국경제신문과 금융 AI 전문기업 씽크풀이 공동 개발한 기사 자동생성 알고리즘에 의해 실시간으로 작성된 것입니다.
								",한국경제,https://www.hankyung.com/finance/article/202007065805L
17,2020.08.07.,NHN 2분기 영업익 265억…페이코·커머스 실적 견인 | 한경닷컴,"




NHN 사옥사진NHN

                        NHN은 올해 2분기 연결기준 영업이익이 265억원으로 전년 동기 대비 4.0% 증가했다고 7일 공시했다. 같은 기간 매출액은 10.6% 늘어난 4051억원 당기순이익은 7.8% 증가한 187억원을 기록했다.2분기 실적은 신종 코로나바이러스 감염증(코로나19) 영향으로 커머스 게임 클라우드 등 언택트(비대면) 부문의 고른 성장이 두드러졌다.결제 및 광고 사업 부문 매출은 NHN한국사이버결제의 온라인PG와 해외 가맹점 결제액 증가로 전년 동기 대비 19.3% 증가한 1569억원을 기록했다.게임 부문 매출은 전통적으로 계절적 비수기임에도 불구하고 PC와 모바일 웹보드 게임을 비롯해 '요괴워치 푸니푸니'와 '크루세이더 퀘스트' '킹덤스토리'의 매출 증가로 소폭 늘어난 1055억원으로 집계됐다.커머스 부문은 중국 에이컴메이트의 주요 브랜드 이벤트 효과와 온라인 거래 증가에 힘입어 전년 동기 대비 36.1% 늘어난 668억원의 매출을 기록했다. 콘텐츠 부문 매출은 경쟁 심화로 인한 벅스 매출 하락 등 영향으로 티켓링크의 온라인 티켓 판매가 감소하면서 전년 동기 대비 18.9% 감소한 396억원으로 집계됐다.기술 부문은 클라우드 사업 확대와 PNP시큐어의 주력 사업 매출 증가로 인해 같은 기간 32.3% 증가한 396억원의 매출을 거뒀다. 기타 사업 매출은 코로나19 글로벌 확산에 따른 여행사업 부진으로 전 분기 대비 58.1% 줄어든 21억원을 기록했다.NHN은 2분기 페이코 거래규모가 전년 동기 대비 26% 증가했다고 밝혔다. 특히 오프라인 결제 규모는 코로나19로 주춤했던 지난 1분기보다 20%가량 증가했다. 전체 결제 중 오프라인 비중은 12%까지 확대됐다.정우진 NHN 대표는 글로벌 팬데믹 현상의 지속으로 사업 환경의 불확실성이 커지는 가운데서도 결제와 커머스 게임 클라우드 등 언택트 부문의 고른 성장이 두드러지고있다며 하반기에는 출시 5주년을 맞은 페이코가 간편결제를 넘어 생활밀착형 플랫폼으로 점차 진화를 거듭하는 한편 게임 부문에서도 '용비불패M'과 '크리티컬옵스리로디드' '디즈니 쯔무쯔무 스타디움' 등 기대작 출시에 만전을 기할 것'이라고 말했다.조아라 한경닷컴 기자 rrang123hankyung.com
",한국경제,https://www.hankyung.com/it/article/202008072719g
18,2020.08.11.,게임업계 질주…컴투스 2분기 역대 최대 실적 | 한경닷컴,"
								모바일 게임업체 컴투스의 올 2분기 매출이 역대 최대를 기록했다. 같은 기간 게임빌과 네오위즈도 실적 개선을 이뤘다.컴투스는 올 2분기 연결 기준 매출 1475억원과 영업이익 380억원을 기록했다고 11일 공시했다. 지난해 같은 기간보다 각각 18.8% 17.8% 증가했다. 매출 기준 역대 최대 실적이다.해외 매출이 분기 전체 매출의 81.5%를 차지하며 실적을 견인했다. 북미와 유럽에서 전분기 대비 매출이 87% 69% 증가한 데 힘입었다. 컴투스 관계자는 서머너즈 워와 컴투스 프로야구 등이 해외시장에서 선전해 분기 최대 실적을 거뒀다고 설명했다.네오위즈도 2분기 매출이 722억원으로 전년 동기 대비 20% 늘었다고 발표했다. 같은 기간 영업이익은 178억원으로 93% 뛰었다. 웹보드 게임(온라인 고스톱 포커 등) 규제 개선 영향으로 사용자가 늘면서 매출이 증가했다. 지난 4월 인수한 개발사 퀘스트게임즈의 롤플레잉 게임 드루와 던전도 새 매출원으로 기여했다.게임빌은 같은 기간 매출이 405억원을 기록해 전년 대비 43.5% 증가했다. 지난해 2분기 영업이익은 마이너스를 기록했지만 올해는 108억원 흑자를 달성했다. 게임빌은 게임빌 프로야구 2020 슈퍼스타즈 별이 되어라 등 주요 게임이 흑자전환을 이끌었다고 분석했다. 한 게임업계 관계자는 신종 코로나바이러스 감염증(코로나19)으로 인한 비대면 업무 증가 등도 게임업체 매출 상승에 기여한 것으로 보인다고 말했다.구민기 기자 kookhankyung.com
								",한국경제,https://www.hankyung.com/it/article/2020081172241
19,2020.11.10.,한화시스템 깜짝 실적…영업이익 68 증가 | 한경닷컴,"
								올 1월 한화케미칼과 한화큐셀앤드첨단소재 합병으로 탄생한 한화솔루션(43150 1.60%)이 분기 기준 처음으로 전 사업부문에서 영업 흑자를 달성했다.






한화솔루션은 10일 매출이 2조4284억원으로 작년 3분기보다 0.11% 늘었고 영업이익(2331억원)과 순이익(1896억원)은 각각 35.6% 70.1% 증가했다고 공시했다. 케미칼 큐셀(태양광) 첨단소재 전 사업부문에서 영업이익 흑자를 냈다. 특히 케미칼 부문은 유가가 하락해 원가가 절감된 데다 코로나19로 일회용품 수요가 늘면서 폴리염화비닐(PVC) 폴리올레핀(PO) 등의 제품 가격이 상승하자 영업이익이 67% 급증했다.방산업체 한화시스템(18250 1.96%)은 깜짝 실적을 기록했다. 영업이익 컨센서스(증권사 추정치 평균 250억원)의 두 배 수준인 446억원의 영업이익을 냈다. 작년 동기 대비 68.2% 증가했다. 방위산업 유지보수 및 운영(MRO)사업이 확대된 덕분이다.게임업체 네오위즈(27150 2.45%)는 3분기 영업이익이 작년보다 182.5% 증가한 159억원을 기록했다고 공시했다. 매출은 22.7% 늘어난 745억원 순이익은 403.1% 증가한 143억원을 올렸다. 회사 측은 웹보드 게임 매출이 안정적이었고 모바일 게임 기타소녀와 데스나이트키우기 출시 효과가 더해졌다고 설명했다. 선데이토즈(21200 0.95%)도 매출 265억원(작년 대비 43.1% 증가) 영업이익 34억원(66.3% 증가) 순이익 29억원(30.2% 증가)을 기록했다. 지난 6월 말 출시한 애니팡 4가 선전한 덕분이다.반면 파라다이스(17300 2.37%)는 실적 부진이 계속됐다. 파라다이스 매출은 작년보다 67% 감소한 905억원에 그쳤다. 영업손실 310억원 순손실 319억원을 내며 모두 적자 전환했다.한경제 기자 hankyunghankyung.com
								",한국경제,https://www.hankyung.com/finance/article/2020111052871
20,2020.11.13.,페이코 장하다…NHN 3분기 영업익 274억 전년비 24↑ | 한경닷컴,"




NHN 사옥사진NHN

NHN(69000 1.47%)이 간편결제 서비스 페이코 덕에 지난 3분기 큰 폭의 실적 개선을 이뤄냈다.NHN은 올 3분기 연결 기준 매출 4194억원 영업이익 274억원을 기록했다고 13일 밝혔다. 이는 전년 동기 대비 19.2% 24.5% 늘어난 것이다.정우진 대표는 비대면 시장 확대에 힘입어 결제 및 커머스 사업의 괄목할 만한 성과가 두드러지는 시기라며 코로나19(신종 코로나바이러스 감염증)가 촉발한 디지털화는 특히 NHN의 온라인 PG (지급결제)커머스기술 사업에 긍정적 영향을 미치고 있다고 밝혔다.매출 부문별 결제 및 광고 사업 쪽은 NHN페이코의 성장세와 NHN한국사이버결제의 온라인 PG 및 해외 가맹점 결제 증가 등에 힘입어 지난해보다 37.9% 늘어난 1689억원을 기록했다.3분기 페이코 거래규모는 작년보다 20% 증가했고 그중 오프라인 결제 규모는 전년 동기 대비 2배 이상 늘어나며 비중이 14%까지 확대됐다.비대면 오프라인 주문 서비스 '페이코오더'의 가맹점은 2분기 말 2만7000개에서 3분기에 6만개로 늘었고 주문 건수는 전 분기 대비 85% 증가했다.정연훈 NHN페이코 대표는 컨퍼런스콜(전화 회의)에서 내년까지 가맹점 10만개 확보가 목표라며 2년 내 20만개까지 확보할 전략을 갖고 진행하고 있다고 말했다.게임 부문 매출은 올해 4월 카드게임화투놀이 등 웹보드 게임의 1일 손실한도를 폐지하는 내용의 규제 완화가 시행된 덕에 전년 동기 대비 1.7% 증가한 1004억원으로 집계됐다.커머스 부문은 전년 동기 대비 41.5% 증가한 739억원 콘텐츠 부문은 4.6% 감소한 425억원의 매출을 각각 기록했다. 기술 부문 매출은 작년보다 22.9% 늘어난 392억원을 기록했다.안현식 최고재무책임자(CFO)는 컨퍼런스콜을 통해 내년 화두는 '선택과 집중'이라며 80여개에 가까운 계열사 중 각각 이익이 나는 회사도 있고 적자가 유지되는 회사도 있는데 기본적으로 핵심 사업에 집중할 것이라고 전했다.조아라 한경닷컴 기자 rrang123hankyung.com
",한국경제,https://www.hankyung.com/it/article/202011136672g
