,0
2020.01.01.,http://www.etoday.co.kr/news/section/newsview.php?idxno=1840008
2020.01.03.,http://news.heraldcorp.com/view.php?ud=20200103000050
2020.01.03.,http://news.heraldcorp.com/view.php?ud=20200103000336
2020.01.05.,http://www.etnews.com/20200103000093
2020.01.06.,http://gamefocus.co.kr/detail.php?number=101193
2020.01.06.,http://www.inven.co.kr/webzine/news/?news=232402
2020.01.06.,http://www.m-i.kr/news/articleView.html?idxno=670277
2020.01.07.,http://www.asiatoday.co.kr/view.php?key=20200107010003505
2020.01.10.,http://www.lawissue.co.kr/view.php?ud=2020011009133048549817d053b9_12
2020.01.10.,http://www.newspim.com/news/view/20200110000453
2020.01.10.,http://nbntv.co.kr/news/view/806117
2020.01.13.,http://moneys.mt.co.kr/news/mwView.php?no=2020011223218027817
2020.01.13.,http://game.mk.co.kr/view.php?year=2020&no=38836
2020.01.14.,http://www.newspim.com/news/view/20200114000082
2020.01.14.,http://www.businesspost.co.kr/BP?command=article_view&num=159389
2020.01.14.,http://www.wikitree.co.kr/main/news_view.php?id=496830
2020.01.15.,http://it.chosun.com/site/data/html_dir/2020/01/14/2020011402987.html
2020.01.16.,http://www.etoday.co.kr/news/section/newsview.php?idxno=1845735
2020.01.16.,http://www.wikitree.co.kr/main/news_view.php?id=497428
2020.01.16.,http://www.inews24.com/view/1236359
2020.01.16.,http://www.fomos.kr/redirect/news_view?news_cate_id=7&entry_id=85343
2020.01.16.,http://www.inews24.com/view/1236432
2020.01.17.,https://byline.network/?p=44470
2020.01.17.,http://www.thisisgame.com/webzine/news/nboard/4/?n=100926
2020.01.20.,http://news.mk.co.kr/v2/economy/view.php?year=2020&no=62531
2020.01.21.,http://www.newsworks.co.kr/news/articleView.html?idxno=427301
2020.01.21.,http://www.thegames.co.kr/news/articleView.html?idxno=217864
2020.01.21.,http://game.donga.com/94259/
2020.01.21.,http://gamefocus.co.kr/detail.php?number=101636
2020.01.21.,http://www.fomos.kr/redirect/news_view?news_cate_id=2&entry_id=85540
2020.01.21.,http://www.inven.co.kr/webzine/news/?news=233105
2020.01.21.,http://news.mk.co.kr/newsRead.php?no=68328&year=2020
2020.01.21.,http://www.thisisgame.com/webzine/game/nboard/225/?n=101351
2020.01.21.,http://www.ebn.co.kr/news/view/1018741/?sc=naver
2020.01.21.,http://www.betanews.net:8080/article/1123775.html
2020.01.21.,http://game.mk.co.kr/view.php?year=2020&no=68929
2020.01.21.,http://www.gameshot.net/common/con_view.php?code=GA5e268280b0058
2020.01.21.,http://www.gametoc.co.kr/news/articleView.html?idxno=53923
2020.01.21.,http://www.sisaon.co.kr/news/articleView.html?idxno=108042
2020.01.21.,http://www.zdnet.co.kr/view/?no=20200121165331
2020.01.21.,http://www.lawissue.co.kr/view.php?ud=202001211737227151204ead0791_12
2020.01.21.,http://it.chosun.com/site/data/html_dir/2020/01/21/2020012103011.html
2020.01.22.,http://www.startuptoday.co.kr/news/articleView.html?idxno=38387
2020.01.29.,http://www.etoday.co.kr/news/section/newsview.php?idxno=1849705
2020.01.29.,http://game.mk.co.kr/view.php?year=2020&no=89722
2020.01.29.,http://www.wikitree.co.kr/main/news_view.php?id=500532
2020.01.30.,http://www.woodkorea.co.kr/news/articleView.html?idxno=44028
2020.01.31.,http://www.fintechpost.co.kr/news/articleView.html?idxno=99966
2020.02.03.,http://www.inews24.com/view/1239685
2020.02.03.,https://www.paxnetnews.com/articles/56285
2020.02.03.,http://www.edaily.co.kr/news/newspath.asp?newsid=01869606625666912
2020.02.03.,http://www.newspim.com/news/view/20200203000410
2020.02.03.,http://news.mk.co.kr/v2/economy/view.php?year=2020&no=109389
2020.02.05.,http://www.etoday.co.kr/news/section/newsview.php?idxno=1852766
2020.02.05.,http://news.mt.co.kr/mtview.php?no=2020020508212895275
2020.02.05.,http://www.newspim.com/news/view/20200205000523
2020.02.06.,http://daily.hankooki.com/lpage/economy/202002/dh20200206155537138110.htm
2020.02.09.,http://www.edaily.co.kr/news/newspath.asp?newsid=01515366625668880
2020.02.10.,http://www.asiatoday.co.kr/view.php?key=20200210010005005
2020.02.10.,http://www.getnews.co.kr/view.php?ud=2020021008200686137f7a2feaf6_16
2020.02.10.,http://www.newspim.com/news/view/20200210000048
2020.02.10.,https://view.asiae.co.kr/article/2020021008302071137
2020.02.10.,http://www.dailian.co.kr/news/view/867369?sc=Naver
2020.02.10.,http://www.lawissue.co.kr/view.php?ud=202002100833508778204ead0791_12
2020.02.10.,http://www.betanews.net:8080/article/1131469.html
2020.02.10.,http://www.etoday.co.kr/news/section/newsview.php?idxno=1854727
2020.02.10.,http://news.einfomax.co.kr/news/articleView.html?idxno=4069714
2020.02.10.,http://www.gametoc.co.kr/news/articleView.html?idxno=54054
2020.02.10.,http://www.edaily.co.kr/news/newspath.asp?newsid=01640006625669208
2020.02.10.,http://www.newsprime.co.kr/news/article.html?no=492598
2020.02.10.,http://www.econovill.com/news/articleView.html?idxno=385056
2020.02.10.,http://news.mt.co.kr/mtview.php?no=2020021008424673241
2020.02.10.,https://asiatime.co.kr/news/newsview.php?ncode=1065570875019782
2020.02.10.,http://daily.hankooki.com/lpage/ittech/202002/dh20200210085900138240.htm
2020.02.10.,http://www.zdnet.co.kr/view/?no=20200210083439
2020.02.10.,http://www.gameshot.net/common/con_view.php?code=GA5e409c450c0c5
2020.02.10.,http://www.m-i.kr/news/articleView.html?idxno=679938
2020.02.10.,https://biz.chosun.com/site/data/html_dir/2020/02/10/2020021000766.html?utm_source=naver&utm_medium=original&utm_campaign=biz
2020.02.10.,https://www.hankyung.com/it/article/202002102552g
2020.02.10.,http://news1.kr/articles/?3837748
2020.02.10.,https://www.fetv.co.kr/news/article.html?no=47001
2020.02.10.,http://www.ebn.co.kr/news/view/1021236/?sc=naver
2020.02.10.,http://www.digitaltoday.co.kr/news/articleView.html?idxno=222250
2020.02.10.,http://game.mk.co.kr/view.php?year=2020&no=134120
2020.02.10.,http://www.ekn.kr/news/article.html?no=480465
2020.02.10.,http://www.ajunews.com/view/20200210085002477
2020.02.10.,http://biz.newdaily.co.kr/site/data/html/2020/02/10/2020021000007.html
2020.02.10.,http://www.newsway.co.kr/news/view?tp=1&ud=2020021008242875441
2020.02.10.,http://game.mk.co.kr/view.php?year=2020&no=134176
2020.02.10.,http://www.fomos.kr/redirect/news_view?news_cate_id=7&entry_id=86198
2020.02.10.,http://www.sisafocus.co.kr/news/articleView.html?idxno=231945
2020.02.10.,http://www.newsis.com/view/?id=NISX20200210_0000913431&cID=13001&pID=13000
2020.02.10.,http://www.enewstoday.co.kr/news/articleView.html?idxno=1366873
2020.02.10.,http://www.gameshot.net/common/con_view.php?code=GA5e40a271612fb
2020.02.10.,http://www.ddaily.co.kr/news/article.html?no=191627
2020.02.10.,http://www.edaily.co.kr/news/newspath.asp?newsid=01849926625669208
2020.02.10.,http://www.ilovepc.co.kr/news/articleView.html?idxno=33482
2020.02.10.,http://moneys.mt.co.kr/news/mwView.php?no=2020021009288043606
2020.02.10.,http://www.srtimes.kr/news/articleView.html?idxno=55537
2020.02.10.,http://gamefocus.co.kr/detail.php?number=102124
2020.02.10.,http://inthenews.co.kr/article-34677/
2020.02.10.,http://www.asiatoday.co.kr/view.php?key=20200210010005106
2020.02.10.,http://www.etnews.com/20200210000064
2020.02.10.,https://asiatime.co.kr/news/newsview.php?ncode=1065573888025927
2020.02.10.,http://www.sisajournal-e.com/news/articleView.html?idxno=213377
2020.02.10.,http://www.newsway.co.kr/news/view?tp=1&ud=2020021009383422540
2020.02.10.,http://www.paxetv.com/news/articleView.html?idxno=86155
2020.02.10.,http://gamefocus.co.kr/detail.php?number=102131
2020.02.10.,http://digitalchosun.dizzo.com/site/data/html_dir/2020/02/10/2020021080055.html
2020.02.10.,http://www.ftoday.co.kr/news/articleView.html?idxno=114456
2020.02.10.,http://www.sportsseoul.com/news/read/881790
2020.02.10.,http://www.inews24.com/view/1241447
2020.02.10.,http://www.inews24.com/view/1241467
2020.02.10.,http://www.metroseoul.co.kr/news/newsview?newscd=2020021000039
2020.02.10.,http://www.edaily.co.kr/news/newspath.asp?newsid=02204166625669208
2020.02.10.,http://www.newstomato.com/ReadNews.aspx?no=950920
2020.02.10.,http://www.dizzotv.com/site/data/html_dir/2020/02/10/2020021080059.html
2020.02.10.,http://www.hankookilbo.com/news/npath/202002101097098119?did=NA
2020.02.10.,https://www.sedaily.com/NewsView/1YYVAFR0Y1
2020.02.10.,http://www.econovill.com/news/articleView.html?idxno=385084
2020.02.10.,http://www.viva100.com/main/view.php?key=20200210010003112
2020.02.10.,http://www.osen.co.kr/article/G1111306783
2020.02.10.,http://www.newspim.com/news/view/20200210000191
2020.02.10.,http://www.newsway.co.kr/news/view?tp=1&ud=2020021011011378635
2020.02.10.,http://www.etoday.co.kr/news/section/newsview.php?idxno=1854897
2020.02.10.,http://www.thisisgame.com/webzine/game/nboard/225/?n=101760
2020.02.10.,http://www.edaily.co.kr/news/newspath.asp?newsid=02512486625669208
2020.02.10.,https://www.paxnetnews.com/articles/56849
2020.02.10.,http://www.etnews.com/20200210000166
2020.02.10.,http://techm.kr/bbs/board.php?bo_table=article&wr_id=7695
2020.02.10.,http://www.ddaily.co.kr/news/article.html?no=191645
2020.02.10.,http://www.kukinews.com/news/article.html?no=746900
2020.02.10.,http://www.inven.co.kr/webzine/news/?news=233824
2020.02.10.,http://daily.hankooki.com/lpage/ittech/202002/dh20200210112930138240.htm
2020.02.10.,http://www.g-enews.com/ko-kr/news/article/news_all/202002101038167111bf45d5d5ea_1/article.html
2020.02.10.,http://www.datanet.co.kr/news/articleView.html?idxno=142302
2020.02.10.,http://www.mediasr.co.kr/news/articleView.html?idxno=56847
2020.02.10.,http://www.updownnews.co.kr/news/articleView.html?idxno=214852
2020.02.10.,http://it.chosun.com/site/data/html_dir/2020/02/10/2020021001699.html
2020.02.10.,http://www.bloter.net/archives/370545
2020.02.10.,http://www.gameple.co.kr/news/articleView.html?idxno=152181
2020.02.10.,http://www.fnnews.com/news/202002101255486207
2020.02.10.,https://www.tfmedia.co.kr/news/article.html?no=80274
2020.02.10.,http://www.newsway.co.kr/news/view?tp=1&ud=2020021013221214259
2020.02.10.,https://www.nocutnews.co.kr/news/5286569
2020.02.10.,http://www.newsis.com/view/?id=NISX20200210_0000913847&cID=13001&pID=13000
2020.02.10.,http://www.sisaweek.com/news/articleView.html?idxno=130843
2020.02.10.,http://www.koreastocknews.com/news/articleView.html?idxno=50283
2020.02.10.,http://www.munhwa.com/news/view.html?no=20200210MW141839515004
2020.02.10.,http://www.opinionnews.co.kr/news/articleView.html?idxno=29172
2020.02.10.,http://news.mtn.co.kr/newscenter/news_viewer.mtn?gidx=2020021011312256335
2020.02.10.,http://www.ekn.kr/news/article.html?no=480584
2020.02.10.,http://news1.kr/articles/?3838131
2020.02.10.,http://game.mk.co.kr/view.php?year=2020&no=137046
2020.02.10.,http://www.newspim.com/news/view/20200210000774
2020.02.10.,http://www.sisaon.co.kr/news/articleView.html?idxno=108920
2020.02.10.,http://www.gamechosun.co.kr/webzine/article/view.php?no=162685
2020.02.10.,http://www.sporbiz.co.kr/news/articleView.html?idxno=414199
2020.02.10.,http://news.bizwatch.co.kr/article/mobile/2020/02/10/0014/naver
2020.02.10.,http://www.newsworks.co.kr/news/articleView.html?idxno=431745
2020.02.10.,http://www.edaily.co.kr/news/newspath.asp?newsid=03699846625669208
2020.02.10.,http://game.mk.co.kr/view.php?year=2020&no=137526
2020.02.10.,http://www.nspna.com/news/?mode=view&newsid=409970
2020.02.10.,http://www.fnnews.com/news/202002101720467772
2020.02.10.,http://www.itdaily.kr/news/articleView.html?idxno=99809
2020.02.10.,http://news.mk.co.kr/newsRead.php?no=137863&year=2020
2020.02.10.,http://news.mk.co.kr/newsRead.php?no=137925&year=2020
2020.02.10.,http://www.osen.co.kr/article/G1111307067
2020.02.10.,http://it.chosun.com/site/data/html_dir/2020/02/10/2020021003175.html
2020.02.10.,http://it.chosun.com/site/data/html_dir/2020/02/10/2020021003465.html
2020.02.10.,http://www.g-enews.com/ko-kr/news/article/news_all/20200210082832863bf45d5d5ea_1/article.html
2020.02.11.,http://news.mt.co.kr/mtview.php?no=2020021108022989579
2020.02.11.,http://www.newsis.com/view/?id=NISX20200211_0000914667&cID=10401&pID=10400
2020.02.11.,http://www.etoday.co.kr/news/section/newsview.php?idxno=1855361
2020.02.11.,http://www.edaily.co.kr/news/newspath.asp?newsid=01643286625669536
2020.02.11.,http://www.asiatoday.co.kr/view.php?key=20200211010005812
2020.02.11.,http://www.newspim.com/news/view/20200211000103
2020.02.11.,http://news.mtn.co.kr/newscenter/news_viewer.mtn?gidx=2020021108382855174
2020.02.11.,http://www.businesspost.co.kr/BP?command=article_view&num=163267
2020.02.11.,http://www.econovill.com/news/articleView.html?idxno=385205
2020.02.11.,http://news.wowtv.co.kr/NewsCenter/News/Read?articleId=A202002110054&t=NN
2020.02.11.,http://www.edaily.co.kr/news/newspath.asp?newsid=01856486625669536
2020.02.11.,http://www.newstomato.com/ReadNews.aspx?no=951201
2020.02.11.,http://www.newsprime.co.kr/news/article.html?no=492747
2020.02.11.,http://game.mk.co.kr/view.php?year=2020&no=139170
2020.02.11.,http://www.newspim.com/news/view/20200211000432
2020.02.11.,http://www.sisaweek.com/news/articleView.html?idxno=130870
2020.02.11.,http://www.inews24.com/view/1241798
2020.02.11.,http://www.newsis.com/view/?id=NISX20200211_0000915027&cID=10401&pID=10400
2020.02.11.,http://www.updownnews.co.kr/news/articleView.html?idxno=214928
2020.02.11.,http://www.newspim.com/news/view/20200211001155
2020.02.13.,http://www.gameshot.net/common/con_view.php?code=GA5e45184272dd9
2020.02.14.,http://www.shinailbo.co.kr/news/articleView.html?idxno=1250092
2020.02.14.,http://www.betanews.net:8080/article/1133962.html
2020.02.14.,http://www.inews24.com/view/1242773
2020.02.14.,http://www.zdnet.co.kr/view/?no=20200214110752
2020.02.14.,http://www.ajunews.com/view/20200214110931181
2020.02.14.,http://www.inven.co.kr/webzine/news/?news=234106
2020.02.14.,http://www.gametoc.co.kr/news/articleView.html?idxno=54097
2020.02.14.,http://news1.kr/articles/?3842521
2020.02.14.,http://www.electimes.com/article.php?aid=1581657610194298094
2020.02.14.,http://www.thisisgame.com/webzine/news/nboard/4/?n=101922
2020.02.14.,http://www.lawissue.co.kr/view.php?ud=20200214145418201204ead0791_12
2020.02.14.,http://www.news2day.co.kr/148257
2020.02.14.,http://gamefocus.co.kr/detail.php?number=102347
2020.02.14.,http://www.sisaon.co.kr/news/articleView.html?idxno=109147
2020.02.14.,http://www.newspim.com/news/view/20200214001075
2020.02.14.,http://www.fomos.kr/redirect/news_view?news_cate_id=7&entry_id=86446
2020.02.14.,http://www.newsworks.co.kr/news/articleView.html?idxno=433213
2020.02.14.,http://www.newsis.com/view/?id=NISX20200214_0000919813&cID=13001&pID=13000
2020.02.14.,http://www.gameshot.net/common/con_view.php?code=GA5e4621ef8b016
2020.02.14.,http://www.sportsseoul.com/news/read/883906
2020.02.15.,http://www.fintechpost.co.kr/news/articleView.html?idxno=101140
2020.02.16.,http://www.econovill.com/news/articleView.html?idxno=385701
2020.02.16.,http://www.osen.co.kr/article/G1111310622
2020.02.16.,http://www.etnews.com/20200214000272
2020.02.17.,http://www.sisaweek.com/news/articleView.html?idxno=131050
2020.02.17.,http://news.bizwatch.co.kr/article/mobile/2020/02/17/0010/naver
2020.02.18.,http://news.bizwatch.co.kr/article/mobile/2020/02/18/0014/naver
2020.02.18.,https://www.gamemeca.com/mv.php?inflow=naver_s&gid=1616256
2020.02.19.,http://www.thebell.co.kr/front/free/contents/news/article_view.asp?key=202002181041517640101519
2020.02.19.,http://www.businesspost.co.kr/BP?command=article_view&num=164558
2020.02.19.,http://www.wikitree.co.kr/main/news_view.php?id=506567
2020.02.20.,http://www.gameple.co.kr/news/articleView.html?idxno=152389
2020.02.20.,http://www.thisisgame.com/webzine/news/nboard/4/?n=102034
2020.02.20.,http://gamefocus.co.kr/detail.php?number=102489
2020.02.20.,http://www.betanews.net:8080/article/1136596.html
2020.02.20.,http://www.m-i.kr/news/articleView.html?idxno=683452
2020.02.20.,http://game.mk.co.kr/view.php?year=2020&no=175289
2020.02.20.,http://www.newsprime.co.kr/news/article.html?no=494099
2020.02.20.,http://game.donga.com/94516/
2020.02.20.,http://news1.kr/articles/?3847801
2020.02.20.,http://www.inews24.com/view/1244214
2020.02.20.,https://view.asiae.co.kr/article/2020022011513715563
2020.02.20.,http://www.etnews.com/20200220000140
2020.02.20.,http://www.gameshot.net/common/con_view.php?code=GA5e4e09f94a332
2020.02.20.,http://www.shinailbo.co.kr/news/articleView.html?idxno=1251984
2020.02.20.,http://www.etoday.co.kr/news/section/newsview.php?idxno=1859616
2020.02.20.,http://moneys.mt.co.kr/news/mwView.php?no=2020022013518069290
2020.02.20.,http://www.thegames.co.kr/news/articleView.html?idxno=218562
2020.02.20.,http://www.newsis.com/view/?id=NISX20200220_0000925820&cID=13001&pID=13000
2020.02.20.,http://news.tf.co.kr/read/economy/1782227.htm
2020.02.20.,http://www.newsworks.co.kr/news/articleView.html?idxno=434578
2020.02.20.,http://biz.newdaily.co.kr/site/data/html/2020/02/20/2020022000091.html
2020.02.20.,http://sports.donga.com/3/all/20200220/99795235/1
2020.02.20.,http://news.mt.co.kr/mtview.php?no=2020022013552317514
2020.02.20.,http://www.nspna.com/news/?mode=view&newsid=412267
2020.02.20.,http://sports.chosun.com/news/ntype.htm?id=202002210100152500010026&servicedate=20200220
2020.02.20.,http://www.ftoday.co.kr/news/articleView.html?idxno=114742
2020.02.20.,http://news.bizwatch.co.kr/article/mobile/2020/02/20/0023/naver
2020.02.20.,http://www.seoulfn.com/news/articleView.html?idxno=372597
2020.02.20.,http://www.finomy.com/news/articleView.html?idxno=75350
2020.02.20.,http://www.zdnet.co.kr/view/?no=20200220171920
2020.02.20.,http://www.gametoc.co.kr/news/articleView.html?idxno=54150
2020.02.20.,http://daily.hankooki.com/lpage/ittech/202002/dh20200220180442138280.htm
2020.02.20.,http://www.inven.co.kr/webzine/news/?news=234371
2020.02.24.,http://www.updownnews.co.kr/news/articleView.html?idxno=215401
2020.02.25.,http://www.seoulfn.com/news/articleView.html?idxno=372984
2020.02.26.,http://news.mtn.co.kr/newscenter/news_viewer.mtn?gidx=2020022616152114358
2020.02.26.,http://www.sportsworldi.com/content/html/2020/02/26/20200226513397.html
2020.02.28.,http://www.donga.com/news/article/all/20200228/99920428/1
2020.02.28.,http://www.econovill.com/news/articleView.html?idxno=387141
2020.02.28.,http://www.itooza.com/common/iview.php?no=2020022809105319629
2020.02.29.,http://www.inews24.com/view/1246477
2020.03.01.,https://view.asiae.co.kr/article/2020022907370731688
2020.03.02.,http://www.inews24.com/view/1246754
2020.03.02.,http://www.newsis.com/view/?id=NISX20200302_0000938869&cID=10401&pID=10400
2020.03.02.,http://www.ekn.kr/news/article.html?no=485048
2020.03.02.,http://www.zdnet.co.kr/view/?no=20200302150851
2020.03.02.,http://www.etnews.com/20200302000183
2020.03.03.,http://www.edaily.co.kr/news/newspath.asp?newsid=01377606625699712
2020.03.03.,https://view.asiae.co.kr/article/2020030307495164139
2020.03.03.,http://news.mt.co.kr/mtview.php?no=2020030307392624558
2020.03.03.,http://www.etoday.co.kr/news/section/newsview.php?idxno=1864535
2020.03.03.,http://www.fnnews.com/news/202003030821023278
2020.03.03.,http://www.asiatoday.co.kr/view.php?key=20200303010001341
2020.03.03.,http://www.sporbiz.co.kr/news/articleView.html?idxno=419018
2020.03.03.,http://www.wikitree.co.kr/articles/510377
2020.03.03.,http://www.newspim.com/news/view/20200303000867
2020.03.03.,http://www.donga.com/news/article/all/20200303/99980387/1
2020.03.03.,http://www.newsway.co.kr/news/view?tp=1&ud=2020030313015493320
2020.03.03.,http://daily.hankooki.com/lpage/ittech/202003/dh20200303170914138280.htm
2020.03.04.,http://www.wikitree.co.kr/articles/510693
2020.03.04.,http://www.seoulfn.com/news/articleView.html?idxno=374189
2020.03.05.,http://news.mt.co.kr/mtview.php?no=2020030514202189816
2020.03.05.,http://www.viva100.com/main/view.php?key=20200305010002407
2020.03.05.,https://www.paxnetnews.com/articles/57831
2020.03.06.,http://www.edaily.co.kr/news/newspath.asp?newsid=01390726625700696
2020.03.06.,http://game.mk.co.kr/view.php?year=2020&no=238546
2020.03.06.,http://www.ajunews.com/view/20200306152503734
2020.03.08.,https://www.dailian.co.kr/news/view/874019?sc=Naver
2020.03.08.,http://www.fnnews.com/news/202003081655048315
2020.03.10.,https://www.ajunews.com/view/20200309141316147
2020.03.10.,http://news.bizwatch.co.kr/article/mobile/2020/03/10/0012/naver
2020.03.12.,http://www.kihoilbo.co.kr/news/articleView.html?idxno=856169
2020.03.12.,http://daily.hankooki.com/lpage/ittech/202003/dh20200312180253138280.htm
2020.03.13.,http://daily.hankooki.com/lpage/economy/202003/dh20200313095451138110.htm
2020.03.13.,http://www.wikitree.co.kr/articles/513677
2020.03.16.,http://news.mk.co.kr/v2/economy/view.php?year=2020&no=270841
2020.03.17.,http://www.digitaltoday.co.kr/news/articleView.html?idxno=226504
2020.03.18.,http://www.edaily.co.kr/news/newspath.asp?newsid=04237766625704632
2020.03.20.,http://www.gameple.co.kr/news/articleView.html?idxno=152934
2020.03.23.,http://www.ajunews.com/view/20200323082914814
2020.03.23.,https://www.hankyung.com/finance/article/2020032331736
2020.03.23.,http://www.epnc.co.kr/news/articleView.html?idxno=94948
2020.03.24.,http://www.ceoscoredaily.com/news/article.html?no=67575
2020.03.24.,http://www.donga.com/news/article/all/20200324/100327956/1
2020.03.26.,http://www.newspim.com/news/view/20200326000089
2020.03.26.,http://www.asiatoday.co.kr/view.php?key=20200326010016645
2020.03.26.,http://www.epnc.co.kr/news/articleView.html?idxno=95045
2020.03.30.,https://www.zdnet.co.kr/view/?no=20200330100156
2020.03.31.,http://www.dt.co.kr/contents.html?article_no=2020033102109931033004&ref=naver
2020.03.31.,http://www.inews24.com/view/1254383
2020.03.31.,http://game.donga.com/94926/
2020.03.31.,https://imnews.imbc.com/news/2020/culture/article/5691099_32654.html
2020.03.31.,http://www.edaily.co.kr/news/newspath.asp?newsid=03601446625708896
2020.03.31.,http://www.digitaltoday.co.kr/news/articleView.html?idxno=228794
2020.03.31.,https://www.asiatime.co.kr/news/newsview.php?ncode=1065597098258409
2020.03.31.,https://www.ytn.co.kr/_ln/0106_202003311708436254
2020.03.31.,https://biz.chosun.com/site/data/html_dir/2020/03/31/2020033104778.html?utm_source=naver&utm_medium=original&utm_campaign=biz
2020.03.31.,http://www.sporbiz.co.kr/news/articleView.html?idxno=426880
2020.03.31.,https://www.techm.kr/news/articleView.html?idxno=70489
2020.03.31.,http://isplus.live.joins.com/news/article/article.asp?total_id=23743879
2020.03.31.,http://www.updownnews.co.kr/news/articleView.html?idxno=217040
2020.03.31.,http://www.g-enews.com/ko-kr/news/article/news_all/202003311704219633bf45d5d5ea_1/article.html
2020.03.31.,http://game.mk.co.kr/view.php?year=2020&no=335616
2020.03.31.,https://www.ytn.co.kr/_ln/0103_202003311800016387
2020.04.01.,http://www.inews24.com/view/1254662
2020.04.01.,http://it.chosun.com/site/data/html_dir/2020/04/01/2020040104198.html
2020.04.01.,http://daily.hankooki.com/lpage/ittech/202004/dh20200401173518138280.htm
2020.04.01.,https://byline.network/?p=47352
2020.04.02.,http://www.gameple.co.kr/news/articleView.html?idxno=153129
2020.04.02.,http://www.kihoilbo.co.kr/news/articleView.html?idxno=859859
2020.04.02.,http://www.sporbiz.co.kr/news/articleView.html?idxno=427502
2020.04.03.,http://news.mk.co.kr/newsRead.php?no=346823&year=2020
2020.04.03.,https://cnbc.sbs.co.kr/article_hub/10000978673?division=NAVER
2020.04.03.,https://www.dailian.co.kr/news/view/880853?sc=Naver
2020.04.03.,http://www.edaily.co.kr/news/newspath.asp?newsid=01617046625732512
2020.04.03.,http://www.newspim.com/news/view/20200403000125
2020.04.03.,http://www.ezyeconomy.com/news/articleView.html?idxno=99538
2020.04.06.,http://www.edaily.co.kr/news/newspath.asp?newsid=01348086625733496
2020.04.06.,http://news.mt.co.kr/mtview.php?no=2020040607543846169
2020.04.06.,http://www.newspim.com/news/view/20200406000139
2020.04.06.,http://www.gameple.co.kr/news/articleView.html?idxno=153217
2020.04.06.,http://www.newspim.com/news/view/20200406001005
2020.04.07.,http://www.sporbiz.co.kr/news/articleView.html?idxno=428572
2020.04.07.,http://www.inews24.com/view/1256084
2020.04.08.,http://www.edaily.co.kr/news/newspath.asp?newsid=03512886625734152
2020.04.09.,http://game.mk.co.kr/view.php?year=2020&no=371015
2020.04.09.,http://www.gameple.co.kr/news/articleView.html?idxno=153279
2020.04.09.,http://www.thescoop.co.kr/news/articleView.html?idxno=38929
2020.04.09.,http://www.econovill.com/news/articleView.html?idxno=392722
2020.04.10.,http://www.ceoscoredaily.com/news/article.html?no=68350
2020.04.10.,http://www.newsway.co.kr/news/view?tp=1&ud=2020041015080139588
2020.04.10.,http://www.edaily.co.kr/news/newspath.asp?newsid=03571926625734808
2020.04.12.,http://www.edaily.co.kr/news/newspath.asp?newsid=01554726625735464
2020.04.12.,http://www.econovill.com/news/articleView.html?idxno=392894
2020.04.13.,http://news.mk.co.kr/v2/economy/view.php?year=2020&no=385023
2020.04.13.,http://www.thegames.co.kr/news/articleView.html?idxno=220023
2020.04.13.,https://www.sedaily.com/NewsView/1Z1GKDPWXM
2020.04.14.,http://www.econovill.com/news/articleView.html?idxno=393287
2020.04.16.,http://www.kihoilbo.co.kr/news/articleView.html?idxno=862387
2020.04.17.,http://www.etoday.co.kr/news/section/newsview.php?idxno=1884900
2020.04.20.,http://www.newspim.com/news/view/20200420000055
2020.04.20.,http://www.newsis.com/view/?id=NISX20200420_0000999021&cID=10401&pID=10400
2020.04.20.,http://www.newsprime.co.kr/news/article.html?no=501520
2020.04.20.,http://www.sisaon.co.kr/news/articleView.html?idxno=111900
2020.04.20.,http://www.ajunews.com/view/20200420144904714
2020.04.20.,http://www.wikitree.co.kr/articles/525265
2020.04.20.,http://www.econonews.co.kr/news/articleView.html?idxno=117081
2020.04.21.,http://www.newsis.com/view/?id=NISX20200421_0001000547&cID=10817&pID=14000
2020.04.21.,http://www.topstarnews.net/news/articleView.html?idxno=766345
2020.04.21.,https://www.news1.kr/articles/?3913267
2020.04.21.,https://www.news1.kr/articles/?3913649
2020.04.21.,http://www.joongboo.com/news/articleView.html?idxno=363415240
2020.04.22.,https://www.techm.kr/news/articleView.html?idxno=71156
2020.04.23.,http://news.heraldcorp.com/view.php?ud=20200423000671
2020.04.23.,https://www.sedaily.com/NewsView/1Z1L5A4MG4
2020.04.23.,http://www.kmaeil.com/news/articleView.html?idxno=220030
2020.04.23.,http://www.fnnews.com/news/202004231548494526
2020.04.23.,http://news.bizwatch.co.kr/article/mobile/2020/04/23/0024/naver
2020.04.23.,http://www.newspim.com/news/view/20200423001051
2020.04.24.,http://www.ajunews.com/view/20200423154912570
2020.04.24.,http://www.digitaltoday.co.kr/news/articleView.html?idxno=231629
2020.04.24.,http://news.mtn.co.kr/newscenter/news_viewer.mtn?gidx=2020042410112122769
2020.04.24.,http://www.naeil.com/news_view/?id_art=347820
2020.04.27.,http://www.fintechpost.co.kr/news/articleView.html?idxno=111517
2020.04.29.,http://www.inews24.com/view/1261312
2020.04.29.,http://gamefocus.co.kr/detail.php?number=104712
2020.04.29.,https://www.zdnet.co.kr/view/?no=20200427215859
2020.04.29.,https://www.news1.kr/articles/?3921624
2020.04.29.,http://game.mk.co.kr/view.php?year=2020&no=446183
2020.04.29.,http://www.gametoc.co.kr/news/articleView.html?idxno=54705
2020.04.29.,http://www.inews24.com/view/1261896
2020.04.29.,http://www.enewstoday.co.kr/news/articleView.html?idxno=1384537
2020.05.01.,http://www.finomy.com/news/articleView.html?idxno=77701
2020.05.01.,https://www.techm.kr/news/articleView.html?idxno=71368
2020.05.02.,http://www.fnnews.com/news/202004300012132083
2020.05.06.,http://www.gameple.co.kr/news/articleView.html?idxno=153636
2020.05.06.,http://www.newsway.co.kr/news/view?tp=1&ud=2020050611570865061
2020.05.07.,http://gamefocus.co.kr/detail.php?number=104876
2020.05.07.,http://www.fomos.kr/redirect/news_view?news_cate_id=2&entry_id=88590
2020.05.07.,http://www.thegames.co.kr/news/articleView.html?idxno=220541
2020.05.07.,https://byline.network/?p=48609
2020.05.07.,http://game.mk.co.kr/view.php?year=2020&no=466851
2020.05.07.,http://www.ddaily.co.kr/news/article.html?no=195225
2020.05.07.,http://www.newsis.com/view/?id=NISX20200507_0001016977&cID=13001&pID=13000
2020.05.07.,http://www.inews24.com/view/1263208
2020.05.07.,http://www.edaily.co.kr/news/newspath.asp?newsid=03975366625766624
2020.05.07.,https://www.sedaily.com/NewsView/1Z2NQTRR3B
2020.05.07.,http://weeklytrade.co.kr/news/view.html?section=1&category=3&item=&no=64306
2020.05.07.,http://www.newsian.co.kr/news/articleView.html?idxno=41401
2020.05.07.,https://www.gamemeca.com/mv.php?inflow=naver_s&gid=1630440
2020.05.08.,http://www.lawissue.co.kr/view.php?ud=202005080822269066204ead0791_12
2020.05.08.,https://www.zdnet.co.kr/view/?no=20200508082125
2020.05.08.,http://www.ekn.kr/news/article.html?no=497959
2020.05.08.,https://view.asiae.co.kr/article/2020050808292550622
2020.05.08.,http://www.getnews.co.kr/view.php?ud=2020050808275395087f7a2feaf6_16
2020.05.08.,http://www.ajunews.com/view/20200508082213749
2020.05.08.,http://www.newspim.com/news/view/20200508000086
2020.05.08.,http://www.etoday.co.kr/news/section/newsview.php?idxno=1892035
2020.05.08.,http://www.asiatoday.co.kr/view.php?key=20200508010003196
2020.05.08.,https://www.ebn.co.kr/news/view/1432732?sc=Naver
2020.05.08.,https://biz.chosun.com/site/data/html_dir/2020/05/08/2020050800653.html?utm_source=naver&utm_medium=original&utm_campaign=biz
2020.05.08.,https://www.news1.kr/articles/?3928286
2020.05.08.,http://news.mk.co.kr/newsRead.php?no=469586&year=2020
2020.05.08.,http://www.seoulfn.com/news/articleView.html?idxno=381712
2020.05.08.,http://news.einfomax.co.kr/news/articleView.html?idxno=4086460
2020.05.08.,http://www.edaily.co.kr/news/newspath.asp?newsid=01610486625766952
2020.05.08.,http://www.gameshot.net/common/con_view.php?code=GA5eb49ddc16180
2020.05.08.,http://biz.newdaily.co.kr/site/data/html/2020/05/08/2020050800023.html
2020.05.08.,http://www.g-enews.com/ko-kr/news/article/news_all/202005080844247421bf45d5d5ea_1/article.html
2020.05.08.,https://www.sedaily.com/NewsView/1Z2O6BRBE0
2020.05.08.,http://www.newstomato.com/ReadNews.aspx?no=970620
2020.05.08.,https://www.hankyung.com/it/article/202005086291g
2020.05.08.,https://www.nocutnews.co.kr/news/5339853
2020.05.08.,http://news.tf.co.kr/read/economy/1792587.htm
2020.05.08.,http://www.sporbiz.co.kr/news/articleView.html?idxno=436830
2020.05.08.,https://www.dailian.co.kr/news/view/888690?sc=Naver
2020.05.08.,http://news.mt.co.kr/mtview.php?no=2020050808344184583
2020.05.08.,http://www.newsway.co.kr/news/view?tp=1&ud=2020050809005044374
2020.05.08.,http://www.newsis.com/view/?id=NISX20200508_0001017591&cID=13001&pID=13000
2020.05.08.,http://www.bloter.net/archives/380069
2020.05.08.,http://news.mt.co.kr/mtview.php?no=2020050809123044795
2020.05.08.,http://www.inews24.com/view/1263329
2020.05.08.,http://www.osen.co.kr/article/G1111349866
2020.05.08.,http://www.apparelnews.co.kr/news/news_view/?idx=182569
2020.05.08.,http://www.kukinews.com/news/article.html?no=785130
2020.05.08.,http://www.ddaily.co.kr/news/article.html?no=195245
2020.05.08.,http://www.paxetv.com/news/articleView.html?idxno=91665
2020.05.08.,https://www.asiatime.co.kr/news/newsview.php?ncode=1065571401981933
2020.05.08.,http://www.wowtv.co.kr/NewsCenter/News/Read?articleId=A202005080086&t=NN
2020.05.08.,http://www.segye.com/content/html/2020/05/08/20200508506685.html?OutUrl=naver
2020.05.08.,http://www.newspim.com/news/view/20200508000170
2020.05.08.,http://www.datanet.co.kr/news/articleView.html?idxno=145605
2020.05.08.,http://www.econovill.com/news/articleView.html?idxno=395725
2020.05.08.,https://www.techm.kr/news/articleView.html?idxno=71512
2020.05.08.,http://news.heraldcorp.com/view.php?ud=20200508000153
2020.05.08.,https://www.wikitree.co.kr/articles/530358
2020.05.08.,http://www.gameshot.net/common/con_view.php?code=GA5eb4ac0ac6daf
2020.05.08.,http://www.metroseoul.co.kr/article/20200508500012
2020.05.08.,http://www.newsworks.co.kr/news/articleView.html?idxno=453287
2020.05.08.,http://daily.hankooki.com/lpage/ittech/202005/dh20200508095703138240.htm?s_ref=nv
2020.05.08.,http://www.betanews.net:8080/article/1174032.html
2020.05.08.,http://www.ftoday.co.kr/news/articleView.html?idxno=201541
2020.05.08.,http://game.mk.co.kr/view.php?year=2020&no=470163
2020.05.08.,http://gamefocus.co.kr/detail.php?number=104919
2020.05.08.,http://www.etoday.co.kr/news/section/newsview.php?idxno=1892105
2020.05.08.,http://www.sentv.co.kr/news/view/572631
2020.05.08.,http://www.newspim.com/news/view/20200508000225
2020.05.08.,http://www.fomos.kr/redirect/news_view?news_cate_id=7&entry_id=88623
2020.05.08.,http://gamefocus.co.kr/detail.php?number=104926
2020.05.08.,http://daily.hankooki.com/lpage/ittech/202005/dh20200508103010138280.htm?s_ref=nv
2020.05.08.,http://www.thegames.co.kr/news/articleView.html?idxno=220574
2020.05.08.,http://news.bizwatch.co.kr/article/mobile/2020/05/08/0004/naver
2020.05.08.,http://www.inews24.com/view/1263402
2020.05.08.,http://www.etoday.co.kr/news/section/newsview.php?idxno=1892155
2020.05.08.,http://www.digitaltoday.co.kr/news/articleView.html?idxno=233144
2020.05.08.,http://www.dizzotv.com/site/data/html_dir/2020/05/08/2020050880038.html
2020.05.08.,http://www.opinionnews.co.kr/news/articleView.html?idxno=33401
2020.05.08.,http://news.heraldcorp.com/view.php?ud=20200508000398
2020.05.08.,http://www.epnc.co.kr/news/articleView.html?idxno=96109
2020.05.08.,http://www.inven.co.kr/webzine/news/?news=238068
2020.05.08.,http://www.g-enews.com/ko-kr/news/article/news_all/202005081109455473bf45d5d5ea_1/article.html
2020.05.08.,https://www.dailian.co.kr/news/view/888783?sc=Naver
2020.05.08.,http://www.straightnews.co.kr/news/articleView.html?idxno=74002
2020.05.08.,https://www.fetv.co.kr/news/article.html?no=54110
2020.05.08.,http://game.donga.com/95268/
2020.05.08.,https://www.news1.kr/articles/?3928635
2020.05.08.,http://www.shinailbo.co.kr/news/articleView.html?idxno=1276833
2020.05.08.,http://www.osen.co.kr/article/G1111349930
2020.05.08.,http://www.startuptoday.co.kr/news/articleView.html?idxno=41392
2020.05.08.,http://www.koreastocknews.com/news/articleView.html?idxno=53395
2020.05.08.,http://www.etnews.com/20200508000169
2020.05.08.,https://www.paxnetnews.com/articles/60263
2020.05.08.,http://www.newsis.com/view/?id=NISX20200508_0001018157&cID=13001&pID=13000
2020.05.08.,http://www.sisaon.co.kr/news/articleView.html?idxno=112592
2020.05.08.,http://news.mt.co.kr/mtview.php?no=2020050814351414439
2020.05.08.,http://4th.kr/View.aspx?No=838339
2020.05.08.,http://www.newstomato.com/ReadNews.aspx?no=970775
2020.05.08.,http://www.newsway.co.kr/news/view?tp=1&ud=2020050814350954596
2020.05.08.,http://www.newsway.co.kr/news/view?tp=1&ud=2020050811193312854
2020.05.08.,http://www.nspna.com/news/?mode=view&newsid=427395
2020.05.08.,http://www.ddaily.co.kr/news/article.html?no=195284
2020.05.08.,http://www.seoulwire.com/news/articleView.html?idxno=410981
2020.05.08.,http://www.bloter.net/archives/380122
2020.05.08.,http://www.sisaweek.com/news/articleView.html?idxno=133627
2020.05.08.,http://www.gameple.co.kr/news/articleView.html?idxno=153683
2020.05.08.,http://www.srtimes.kr/news/articleView.html?idxno=61508
2020.05.08.,http://www.fnnews.com/news/202005081744314545
2020.05.08.,https://www.news2day.co.kr/152476
2020.05.08.,http://inthenews.co.kr/article-48493/
2020.05.08.,http://www.ekn.kr/news/article.html?no=498127
2020.05.08.,http://www.itdaily.kr/news/articleView.html?idxno=101013
2020.05.10.,http://www.etnews.com/20200508000128
2020.05.11.,http://www.wowtv.co.kr/NewsCenter/News/Read?articleId=A202005110006&t=NN
2020.05.11.,http://www.edaily.co.kr/news/newspath.asp?newsid=01338246625767936
2020.05.11.,http://www.fnnews.com/news/202005110726431877
2020.05.11.,http://www.thebell.co.kr/front/free/contents/news/article_view.asp?key=202005081119231680102083
2020.05.11.,http://www.etoday.co.kr/news/section/newsview.php?idxno=1892658
2020.05.11.,http://www.newsis.com/view/?id=NISX20200511_0001019714&cID=13001&pID=13000
2020.05.11.,http://www.edaily.co.kr/news/newspath.asp?newsid=01518646625767936
2020.05.11.,http://www.inews24.com/view/1263803
2020.05.11.,http://www.seoulwire.com/news/articleView.html?idxno=411142
2020.05.11.,http://www.newspim.com/news/view/20200511000120
2020.05.11.,http://www.viva100.com/main/view.php?key=20200511010002378
2020.05.11.,https://www.hankyung.com/finance/article/202005113410L
2020.05.11.,https://www.hankyung.com/finance/article/202005113422L
2020.05.11.,http://www.pressm.kr/news/articleView.html?idxno=29570
2020.05.11.,http://www.straightnews.co.kr/news/articleView.html?idxno=74151
2020.05.11.,http://www.newspim.com/news/view/20200511000251
2020.05.11.,http://www.newspim.com/news/view/20200511000439
2020.05.11.,http://gamefocus.co.kr/detail.php?number=105007
2020.05.11.,http://game.mk.co.kr/view.php?year=2020&no=479813
2020.05.11.,http://www.newspim.com/news/view/20200511000807
2020.05.11.,http://www.sisaweek.com/news/articleView.html?idxno=133682
2020.05.11.,https://www.hankyung.com/finance/article/2020051160791
2020.05.12.,http://www.fintechpost.co.kr/news/articleView.html?idxno=113471
2020.05.12.,http://www.seoulwire.com/news/articleView.html?idxno=411356
2020.05.12.,http://www.asiatoday.co.kr/view.php?key=20200512010005327
2020.05.12.,http://www.ajunews.com/view/20200512091740106
2020.05.12.,http://www.gameshot.net/common/con_view.php?code=GA5eb9ebaf93ff3
2020.05.12.,http://www.ceoscoredaily.com/news/article.html?no=69342
2020.05.12.,http://www.startuptoday.co.kr/news/articleView.html?idxno=41593
2020.05.12.,http://www.ddaily.co.kr/news/article.html?no=195388
2020.05.12.,http://www.seoulfn.com/news/articleView.html?idxno=382119
2020.05.12.,https://www.wikitree.co.kr/articles/531357
2020.05.12.,http://biz.newdaily.co.kr/site/data/html/2020/05/12/2020051200025.html
2020.05.12.,http://www.osen.co.kr/article/G1111351797
2020.05.12.,http://www.viva100.com/main/view.php?key=20200512010002887
2020.05.12.,http://www.newsis.com/view/?id=NISX20200512_0001021371&cID=13001&pID=13000
2020.05.12.,http://digitalchosun.dizzo.com/site/data/html_dir/2020/05/12/2020051280038.html
2020.05.12.,http://game.mk.co.kr/view.php?year=2020&no=481962
2020.05.12.,http://www.getnews.co.kr/view.php?ud=2020051209475044557f7a2feaf6_16
2020.05.12.,https://view.asiae.co.kr/article/2020051209545963283
2020.05.12.,http://www.sporbiz.co.kr/news/articleView.html?idxno=437824
2020.05.12.,http://www.betanews.net:8080/article/1175532.html
2020.05.12.,http://www.inews24.com/view/1264210
2020.05.12.,http://www.etoday.co.kr/news/section/newsview.php?idxno=1893320
2020.05.12.,https://www.news1.kr/articles/?3931675
2020.05.12.,http://www.nspna.com/news/?mode=view&newsid=427890
2020.05.12.,http://www.ekn.kr/news/article.html?no=498681
2020.05.12.,http://www.kukinews.com/news/article.html?no=786414
2020.05.12.,http://www.ilovepc.co.kr/news/articleView.html?idxno=34662
2020.05.12.,http://www.econovill.com/news/articleView.html?idxno=396160
2020.05.12.,http://www.g-enews.com/ko-kr/news/article/news_all/2020051210195518472500a1b5d6_1/article.html
2020.05.12.,https://www.zdnet.co.kr/view/?no=20200512102051
2020.05.12.,http://www.dizzotv.com/site/data/html_dir/2020/05/12/2020051280081.html
2020.05.12.,http://moneys.mt.co.kr/news/mwView.php?no=2020051210368098530
2020.05.12.,https://www.techm.kr/news/articleView.html?idxno=71608
2020.05.12.,http://www.inven.co.kr/webzine/news/?news=238203
2020.05.12.,https://www.asiatime.co.kr/news/newsview.php?ncode=1065576503916847
2020.05.12.,http://www.finomy.com/news/articleView.html?idxno=77928
2020.05.12.,http://gamefocus.co.kr/detail.php?number=105026
2020.05.12.,http://www.etnews.com/20200512000116
2020.05.12.,http://news.mt.co.kr/mtview.php?no=2020051210364416945
2020.05.12.,http://www.gameple.co.kr/news/articleView.html?idxno=153719
2020.05.12.,http://game.donga.com/95295/
2020.05.12.,http://www.ftoday.co.kr/news/articleView.html?idxno=201634
2020.05.12.,http://www.newsworks.co.kr/news/articleView.html?idxno=454101
2020.05.12.,http://www.gamechosun.co.kr/webzine/article/view.php?no=165006
2020.05.12.,http://news.bizwatch.co.kr/article/mobile/2020/05/12/0004/naver
2020.05.12.,http://news.mk.co.kr/newsRead.php?no=482690&year=2020
2020.05.12.,http://www.newstomato.com/ReadNews.aspx?no=971356
2020.05.12.,http://news.heraldcorp.com/view.php?ud=20200512000611
2020.05.12.,http://www.updownnews.co.kr/news/articleView.html?idxno=218569
2020.05.12.,http://www.enewstoday.co.kr/news/articleView.html?idxno=1386693
2020.05.12.,http://www.lawissue.co.kr/view.php?ud=202005121259572476204ead0791_12
2020.05.12.,https://biz.chosun.com/site/data/html_dir/2020/05/12/2020051202283.html?utm_source=naver&utm_medium=original&utm_campaign=biz
2020.05.12.,http://www.newsprime.co.kr/news/article.html?no=504128
2020.05.12.,http://www.digitaltoday.co.kr/news/articleView.html?idxno=233579
2020.05.12.,http://daily.hankooki.com/lpage/ittech/202005/dh20200512153732138280.htm?s_ref=nv
2020.05.12.,http://www.dt.co.kr/contents.html?article_no=2020051202109931054001&ref=naver
2020.05.12.,http://www.newsis.com/view/?id=NISX20200512_0001021955&cID=10401&pID=10400
2020.05.12.,http://game.donga.com/95304/
2020.05.12.,http://game.dailyesports.com/view.php?ud=202005121726174901da2c546b3a_26
2020.05.12.,https://www.ebn.co.kr/news/view/1433386?sc=Naver
2020.05.12.,http://it.chosun.com/site/data/html_dir/2020/05/12/2020051203199.html
2020.05.12.,http://isplus.live.joins.com/news/article/article.asp?total_id=23774971
2020.05.12.,http://www.dt.co.kr/contents.html?article_no=2020051302100331054002&ref=naver
2020.05.13.,http://www.etoday.co.kr/news/section/newsview.php?idxno=1893752
2020.05.13.,http://www.edaily.co.kr/news/newspath.asp?newsid=01472726625768592
2020.05.13.,http://www.etoday.co.kr/news/section/newsview.php?idxno=1893756
2020.05.13.,http://www.sisaon.co.kr/news/articleView.html?idxno=112775
2020.05.13.,http://www.newspim.com/news/view/20200513000286
2020.05.13.,http://www.newspim.com/news/view/20200513000600
2020.05.13.,http://www.sisaweek.com/news/articleView.html?idxno=133770
2020.05.13.,http://daily.hankooki.com/lpage/finance/202005/dh20200513200249148310.htm?s_ref=nv
2020.05.14.,http://www.seoulfn.com/news/articleView.html?idxno=382471
2020.05.14.,http://www.inven.co.kr/webzine/news/?news=238072
2020.05.14.,http://www.edaily.co.kr/news/newspath.asp?newsid=04073766625768920
2020.05.14.,http://www.opinionnews.co.kr/news/articleView.html?idxno=33705
2020.05.16.,http://www.newsworks.co.kr/news/articleView.html?idxno=455216
2020.05.16.,http://www.fintechpost.co.kr/news/articleView.html?idxno=113982
2020.05.17.,https://www.hankyung.com/finance/article/2020051755291
2020.05.18.,http://www.newspim.com/news/view/20200518000256
2020.05.18.,http://news.bizwatch.co.kr/article/mobile/2020/05/18/0021/naver
2020.05.18.,http://www.pinpointnews.co.kr/view.php?ud=202005181703311151edd306bb14_45
2020.05.19.,https://www.wikitree.co.kr/articles/533714
2020.05.19.,http://news.bizwatch.co.kr/article/mobile/2020/05/19/0010/naver
2020.05.20.,http://www.g-enews.com/ko-kr/news/article/news_all/20200518103558602bf45d5d5ea_1/article.html
2020.05.21.,http://gamefocus.co.kr/detail.php?number=105301
2020.05.21.,http://www.sporbiz.co.kr/news/articleView.html?idxno=440586
2020.05.22.,http://www.edaily.co.kr/news/newspath.asp?newsid=01485846625771544
2020.05.22.,http://www.pinpointnews.co.kr/view.php?ud=202005221215099157edd30bb0dc_45
2020.05.22.,http://moneys.mt.co.kr/news/mwView.php?no=2020052213288051886
2020.05.22.,http://www.gameshot.net/common/con_view.php?code=GA5ec7a07b33ff9
2020.05.27.,https://www.zdnet.co.kr/view/?no=20200527101454
2020.05.27.,http://www.inews24.com/view/1268477
2020.05.28.,http://news.mk.co.kr/v2/economy/view.php?year=2020&no=545494
2020.05.28.,http://www.fomos.kr/redirect/news_view?news_cate_id=7&entry_id=89118
2020.05.28.,http://www.gameple.co.kr/news/articleView.html?idxno=154020
2020.05.28.,http://www.newspim.com/news/view/20200528000501
2020.05.28.,http://www.econovill.com/news/articleView.html?idxno=398537
2020.05.28.,https://www.asiatime.co.kr/news/newsview.php?ncode=1065591081527465
2020.05.28.,http://www.inven.co.kr/webzine/news/?news=238986
2020.05.28.,http://www.fnnews.com/news/202005281507356087
2020.05.28.,http://www.g-enews.com/ko-kr/news/article/news_all/202005281429571087bf45d5d5ea_1/article.html
2020.05.28.,http://www.newstomato.com/ReadNews.aspx?no=974861
2020.05.28.,http://news.bizwatch.co.kr/article/mobile/2020/05/28/0016/naver
2020.05.28.,http://www.opinionnews.co.kr/news/articleView.html?idxno=34310
2020.05.28.,https://www.gamemeca.com/mv.php?inflow=naver_s&gid=1632396
2020.05.31.,http://www.dkilbo.com/news/articleView.html?idxno=301670
2020.06.02.,http://isplus.live.joins.com/news/article/article.asp?total_id=23791118
2020.06.04.,http://www.econovill.com/news/articleView.html?idxno=399614
2020.06.05.,http://www.itooza.com/common/iview.php?no=2020060510262524902
2020.06.05.,http://www.inews24.com/view/1271186
2020.06.05.,http://game.donga.com/95570/
2020.06.09.,http://www.edaily.co.kr/news/newspath.asp?newsid=01495686625800080
2020.06.12.,http://mbnmoney.mbn.co.kr/news/view?news_no=MM1004006093
2020.06.14.,http://www.edaily.co.kr/news/newspath.asp?newsid=01351366625801720
2020.06.18.,http://game.dailyesports.com/view.php?ud=202006181307554274da2c546b3a_26
2020.06.18.,http://www.nspna.com/news/?mode=view&newsid=435709
2020.06.18.,http://www.lawissue.co.kr/view.php?ud=202006181335418863204ead0791_12
2020.06.18.,http://gamefocus.co.kr/detail.php?number=106320
2020.06.18.,http://www.getnews.co.kr/view.php?ud=2020061813504519557f7a2feaf6_16
2020.06.18.,http://www.seoulwire.com/news/articleView.html?idxno=416700
2020.06.18.,http://www.inews24.com/view/1274581
2020.06.18.,http://www.etnews.com/20200618000216
2020.06.18.,https://www.zdnet.co.kr/view/?no=20200618143504
2020.06.18.,http://www.fomos.kr/redirect/news_view?news_cate_id=2&entry_id=89842
2020.06.18.,http://news.heraldcorp.com/view.php?ud=20200618000747
2020.06.18.,http://www.inven.co.kr/webzine/news/?news=239938
2020.06.18.,http://www.edaily.co.kr/news/newspath.asp?newsid=03391526625803032
2020.06.18.,https://www.asiatime.co.kr/news/newsview.php?ncode=1065593452193280
2020.06.18.,http://www.gametoc.co.kr/news/articleView.html?idxno=55144
2020.06.18.,http://www.betanews.net:8080/article/1194216.html
2020.06.18.,https://www.thisisgame.com/webzine/news/nboard/4/?n=105281
2020.06.18.,http://biz.newdaily.co.kr/site/data/html/2020/06/18/2020061800211.html
2020.06.18.,http://www.topdaily.kr/news/articleView.html?idxno=68905
2020.06.18.,http://daily.hankooki.com/lpage/ittech/202006/dh20200618180545138280.htm?s_ref=nv
2020.06.18.,http://www.electimes.com/article.php?aid=1592471744200424094
2020.06.18.,http://www.gameshot.net/common/con_view.php?code=GA5eeb3f5e122ae
2020.06.18.,http://www.tgdaily.co.kr/news/articleView.html?idxno=300648
2020.06.19.,http://www.g-enews.com/ko-kr/news/article/news_all/202006190934506913bf45d5d5ea_1/article.html
2020.06.23.,http://www.edaily.co.kr/news/newspath.asp?newsid=01416966625804672
2020.06.23.,http://www.seoulwire.com/news/articleView.html?idxno=417242
2020.06.23.,https://www.dailian.co.kr/news/view/899614?sc=Naver
2020.06.23.,https://www.etoday.co.kr/news/view/1909317
2020.06.23.,http://www.ajunews.com/view/20200623083814129
2020.06.23.,http://www.newspim.com/news/view/20200623000091
2020.06.23.,http://www.newspim.com/news/view/20200623000115
2020.06.23.,http://www.wowtv.co.kr/NewsCenter/News/Read?articleId=A202006230091&t=NN
2020.06.23.,https://www.hankyung.com/finance/article/202006237083L
2020.06.24.,http://www.ajunews.com/view/20200623230248968
2020.06.24.,https://www.hankyung.com/finance/article/202006244166L
2020.06.25.,https://www.sedaily.com/NewsView/1Z45XB2LQS
2020.06.25.,https://www.hankyung.com/finance/article/202006258022L
2020.06.25.,https://news.mtn.co.kr/newscenter/news_viewer.mtn?gidx=2020062516040853804
2020.06.25.,http://www.inews24.com/view/1276702
2020.06.28.,https://www.hankyung.com/finance/article/2020062869081
2020.06.29.,https://www.hankyung.com/finance/article/202006299241L
2020.06.30.,http://www.newspim.com/news/view/20200630000137
2020.06.30.,http://www.pressm.kr/news/articleView.html?idxno=30911
2020.06.30.,http://jmagazine.joins.com/forbes/view/330450
2020.07.01.,http://www.fnnews.com/news/202007010850599776
2020.07.01.,https://www.ebn.co.kr/news/view/1440613/?sc=Naver
2020.07.01.,http://www.sporbiz.co.kr/news/articleView.html?idxno=451270
2020.07.01.,http://news.bizwatch.co.kr/article/mobile/2020/06/30/0030/naver
2020.07.01.,https://www.wikitree.co.kr/articles/548094
2020.07.01.,http://www.thevaluenews.co.kr/news/view.php?idx=159958
2020.07.03.,https://zdnet.co.kr/view/?no=20200702181540
2020.07.04.,http://www.tgdaily.co.kr/news/articleView.html?idxno=300806
2020.07.06.,https://www.news2day.co.kr/155673
2020.07.06.,http://www.ceoscoredaily.com/news/article.html?no=71174
2020.07.06.,https://www.hankyung.com/finance/article/202007065805L
2020.07.07.,http://www.g-enews.com/ko-kr/news/article/news_all/202007070726253488442088f476_1/article.html
2020.07.07.,http://www.thebell.co.kr/front/free/contents/news/article_view.asp?key=202007021647335400107033
2020.07.07.,https://view.asiae.co.kr/article/2020070709594789558
2020.07.08.,http://www.thebell.co.kr/front/free/contents/news/article_view.asp?key=202007031508445920107582
2020.07.08.,https://www.thisisgame.com/webzine/game/nboard/225/?n=105864
2020.07.09.,http://www.newsis.com/view/?id=NISX20200709_0001089034&cID=10401&pID=10400
2020.07.10.,http://www.inven.co.kr/webzine/news/?news=240520&iskin=esports
2020.07.11.,http://www.ceoscoredaily.com/news/article.html?no=71378
2020.07.13.,http://www.ekn.kr/news/article.html?no=510892
2020.07.13.,http://www.gameshot.net/common/con_view.php?code=GA5f0c0223df9a4
2020.07.14.,https://zdnet.co.kr/view/?no=20200714102135
2020.07.15.,http://www.newsis.com/view/?id=NISX20200715_0001095514&cID=10401&pID=10400
2020.07.15.,https://www.etoday.co.kr/news/view/1917865
2020.07.15.,http://www.businesspost.co.kr/BP?command=article_view&num=187424
2020.07.16.,http://www.seoulwire.com/news/articleView.html?idxno=420462
2020.07.17.,http://www.thebell.co.kr/front/free/contents/news/article_view.asp?key=202007151501405520105331
2020.07.20.,http://www.ajunews.com/view/20200719230526604
2020.07.20.,https://www.news1.kr/articles/?4000445
2020.07.20.,https://www.iloveorganic.co.kr/news/articleView.html?idxno=310708
2020.07.20.,http://www.sisajournal-e.com/news/articleView.html?idxno=221408
2020.07.21.,http://www.sportsq.co.kr/news/articleView.html?idxno=415553
2020.07.21.,http://www.weeklytoday.com/news/articleView.html?idxno=303223
2020.07.22.,https://www.dailian.co.kr/news/view/906665?sc=Naver
2020.07.22.,http://it.chosun.com/site/data/html_dir/2020/07/21/2020072103079.html
2020.07.22.,http://www.inews24.com/view/1283906
2020.07.23.,http://www.digitaltoday.co.kr/news/articleView.html?idxno=242197
2020.07.23.,http://www.businesspost.co.kr/BP?command=article_view&num=188548
2020.07.23.,http://www.sporbiz.co.kr/news/articleView.html?idxno=456939
2020.07.27.,http://www.inews24.com/view/1285291
2020.07.28.,http://isplus.live.joins.com/news/article/article.asp?total_id=23834827
2020.07.28.,http://isplus.live.joins.com/news/article/article.asp?total_id=23834828
2020.07.28.,http://www.ilyosisa.co.kr/news/articleView.html?idxno=220412
2020.08.03.,http://www.gameshot.net/common/con_view.php?code=GA5f27b3a4d30db
2020.08.04.,http://www.g-enews.com/ko-kr/news/article/news_all/202008040622159445442088f476_1/article.html
2020.08.04.,http://www.etnews.com/20200804000071
2020.08.04.,https://www.venturesquare.net/812667
2020.08.04.,http://www.inews24.com/view/1287617
2020.08.04.,http://www.inews24.com/view/1287626
2020.08.04.,http://game.mk.co.kr/view.php?year=2020&no=796407
2020.08.04.,https://game.donga.com/96247/
2020.08.04.,http://game.dailyesports.com/view.php?ud=202008041117498109da2c546b3a_26
2020.08.04.,http://gamefocus.co.kr/detail.php?number=107908
2020.08.04.,https://www.thisisgame.com/webzine/news/nboard/4/?n=106745
2020.08.04.,http://www.bloter.net/archives/399157
2020.08.04.,http://www.inven.co.kr/webzine/news/?news=242420
2020.08.04.,http://www.newspim.com/news/view/20200804000768
2020.08.04.,http://www.gametoc.co.kr/news/articleView.html?idxno=55593
2020.08.05.,http://www.newspim.com/news/view/20200805000836
2020.08.06.,http://www.ajunews.com/view/20200806150137623
2020.08.07.,http://www.ajunews.com/view/20200807002410824
2020.08.07.,https://www.etoday.co.kr/news/view/1926867
2020.08.07.,https://www.asiatoday.co.kr/view.php?key=20200807010003639
2020.08.07.,https://zdnet.co.kr/view/?no=20200807082402
2020.08.07.,https://view.asiae.co.kr/article/2020080708333873864
2020.08.07.,https://www.sedaily.com/NewsView/1Z6HJMIOVZ
2020.08.07.,https://biz.chosun.com/site/data/html_dir/2020/08/07/2020080700607.html?utm_source=naver&utm_medium=original&utm_campaign=biz
2020.08.07.,http://www.edaily.co.kr/news/newspath.asp?newsid=01630166625865024
2020.08.07.,http://www.lawissue.co.kr/view.php?ud=202008070846422534204ead0791_12
2020.08.07.,http://www.newstomato.com/ReadNews.aspx?no=988790
2020.08.07.,https://www.ebn.co.kr/news/view/1445803/?sc=Naver
2020.08.07.,https://www.techm.kr/news/articleView.html?idxno=74125
2020.08.07.,http://www.ddaily.co.kr/news/article.html?no=199729
2020.08.07.,http://news.tf.co.kr/read/economy/1805797.htm
2020.08.07.,http://daily.hankooki.com/lpage/ittech/202008/dh20200807085454138240.htm?s_ref=nv
2020.08.07.,http://news.mk.co.kr/newsRead.php?no=809444&year=2020
2020.08.07.,http://news.einfomax.co.kr/news/articleView.html?idxno=4101495
2020.08.07.,https://www.wikitree.co.kr/articles/559991
2020.08.07.,https://www.news1.kr/articles/?4019173
2020.08.07.,http://biz.newdaily.co.kr/site/data/html/2020/08/07/2020080700010.html
2020.08.07.,http://news.heraldcorp.com/view.php?ud=20200807000069
2020.08.07.,http://news.kbiz.or.kr/news/articleView.html?idxno=70923
2020.08.07.,http://www.betanews.net:8080/article/1218629.html
2020.08.07.,http://www.gameshot.net/common/con_view.php?code=GA5f2c984f97c33
2020.08.07.,http://www.newsway.co.kr/news/view?tp=1&ud=2020080709033939422
2020.08.07.,http://www.fnnews.com/news/202008070904194499
2020.08.07.,http://www.seoulfn.com/news/articleView.html?idxno=391396
2020.08.07.,http://www.econovill.com/news/articleView.html?idxno=407440
2020.08.07.,http://news.mt.co.kr/mtview.php?no=2020080708443244784
2020.08.07.,http://www.digitaltoday.co.kr/news/articleView.html?idxno=244043
2020.08.07.,http://www.metroseoul.co.kr/article/20200807500014
2020.08.07.,http://www.inews24.com/view/1288642
2020.08.07.,http://www.m-i.kr/news/articleView.html?idxno=735991
2020.08.07.,https://www.dailian.co.kr/news/view/910881/?sc=Naver
2020.08.07.,https://www.etoday.co.kr/news/view/1926927
2020.08.07.,https://www.youthdaily.co.kr/news/article.html?no=44009
2020.08.07.,http://hobbyen.co.kr/news/newsview.php?ncode=1065573365499734
2020.08.07.,http://game.mk.co.kr/view.php?year=2020&no=809733
2020.08.07.,http://www.newsis.com/view/?id=NISX20200807_0001121781&cID=13001&pID=13000
2020.08.07.,https://www.paxnetnews.com/articles/63955
2020.08.07.,http://www.ekn.kr/news/article.html?no=515901
2020.08.07.,https://www.fetv.co.kr/news/article.html?no=60942
2020.08.07.,http://www.kpinews.co.kr/news/articleView.html?idxno=123184
2020.08.07.,https://www.hankyung.com/it/article/202008072719g
2020.08.07.,http://gamefocus.co.kr/detail.php?number=108025
2020.08.07.,http://www.dizzotv.com/site/data/html_dir/2020/08/07/2020080780039.html
2020.08.07.,http://www.datanet.co.kr/news/articleView.html?idxno=149304
2020.08.07.,http://www.fnnews.com/news/202008070954476402
2020.08.07.,http://www.inews24.com/view/1288675
2020.08.07.,http://www.gametoc.co.kr/news/articleView.html?idxno=55622
2020.08.07.,http://www.edaily.co.kr/news/newspath.asp?newsid=02095926625865024
2020.08.07.,http://www.tgdaily.co.kr/news/articleView.html?idxno=301937
2020.08.07.,http://www.fomos.kr/redirect/news_view?news_cate_id=2&entry_id=92057
2020.08.07.,http://www.inven.co.kr/webzine/news/?news=242602
2020.08.07.,http://www.apparelnews.co.kr/news/news_view/?idx=184221
2020.08.07.,http://www.sporbiz.co.kr/news/articleView.html?idxno=461138
2020.08.07.,http://www.newsprime.co.kr/news/article.html?no=513746
2020.08.07.,https://view.asiae.co.kr/article/2020080710532251153
2020.08.07.,http://www.newsworks.co.kr/news/articleView.html?idxno=478735
2020.08.07.,http://www.opinionnews.co.kr/news/articleView.html?idxno=37849
2020.08.07.,http://www.megaeconomy.co.kr/news/newsview.php?ncode=1065578101292385
2020.08.07.,https://game.donga.com/96286/
2020.08.07.,http://news.heraldcorp.com/view.php?ud=20200807000274
2020.08.07.,http://www.paxetv.com/news/articleView.html?idxno=97681
2020.08.07.,http://www.ajunews.com/view/20200807110411013
2020.08.07.,http://game.mk.co.kr/view.php?year=2020&no=810438
2020.08.07.,http://www.ceoscoredaily.com/news/article.html?no=72196
2020.08.07.,http://www.etnews.com/20200807000123
2020.08.07.,http://www.gameple.co.kr/news/articleView.html?idxno=155108
2020.08.07.,http://news.heraldcorp.com/view.php?ud=20200807000421
2020.08.07.,https://www.etoday.co.kr/news/view/1926991
2020.08.07.,http://www.newstomato.com/ReadNews.aspx?no=988853
2020.08.07.,http://www.nspna.com/news/?mode=view&newsid=446047
2020.08.07.,http://www.sisaon.co.kr/news/articleView.html?idxno=116545
2020.08.07.,http://www.epnc.co.kr/news/articleView.html?idxno=101597
2020.08.07.,http://www.dt.co.kr/contents.html?article_no=2020080702109931054001&ref=naver
2020.08.07.,http://www.kukinews.com/newsView/kuk202008070185
2020.08.07.,https://www.thisisgame.com/webzine/pds/nboard/267/?n=106897
2020.08.07.,http://www.newsis.com/view/?id=NISX20200807_0001122378&cID=13001&pID=13000
2020.08.07.,http://www.osen.co.kr/article/G1111411635
2020.08.07.,http://www.newspim.com/news/view/20200807000081
2020.08.08.,http://www.fintechpost.co.kr/news/articleView.html?idxno=116950
2020.08.08.,http://news.kmib.co.kr/article/view.asp?arcid=0014888876&code=61151111&cp=nv
2020.08.09.,http://www.etnews.com/20200807000195
2020.08.10.,http://www.thebell.co.kr/front/free/contents/news/article_view.asp?key=202008071108165280102950
2020.08.10.,https://www.etoday.co.kr/news/view/1927429
2020.08.10.,http://www.fnnews.com/news/202008100838491994
2020.08.10.,http://www.sisaon.co.kr/news/articleView.html?idxno=116604
2020.08.10.,https://zdnet.co.kr/view/?no=20200810103542
2020.08.10.,http://www.inews24.com/view/1289275
2020.08.10.,http://www.fomos.kr/redirect/news_view?news_cate_id=2&entry_id=92202
2020.08.10.,http://game.mk.co.kr/view.php?year=2020&no=819330
2020.08.10.,https://www.gamemeca.com/mv.php?inflow=naver_s&gid=1640512
2020.08.10.,http://www.inews24.com/view/1289334
2020.08.10.,http://www.fnnews.com/news/202008101521132058
2020.08.10.,http://www.fnnews.com/news/202008101747028132
2020.08.11.,http://www.sentv.co.kr/news/view/577559
2020.08.11.,http://www.ekn.kr/news/article.html?no=516521
2020.08.11.,http://www.tgdaily.co.kr/news/articleView.html?idxno=302024
2020.08.11.,http://news.mt.co.kr/mtview.php?no=2020081110281536646
2020.08.11.,https://www.news1.kr/articles/?4022720
2020.08.11.,http://www.econovill.com/news/articleView.html?idxno=407840
2020.08.11.,https://www.techm.kr/news/articleView.html?idxno=74245
2020.08.11.,http://news.mk.co.kr/newsRead.php?no=825276&year=2020
2020.08.11.,https://www.hankyung.com/it/article/2020081172241
2020.08.11.,http://www.econovill.com/news/articleView.html?idxno=407908
2020.08.11.,http://it.chosun.com/site/data/html_dir/2020/08/11/2020081103681.html
2020.08.11.,http://it.chosun.com/site/data/html_dir/2020/08/11/2020081103852.html
2020.08.11.,http://www.viva100.com/main/view.php?key=20200811010001945
2020.08.11.,http://www.ceoscoredaily.com/news/article.html?no=72270
2020.08.11.,http://www.sporbiz.co.kr/news/articleView.html?idxno=462062
2020.08.11.,http://www.xportsnews.com/?ac=article_view&entry_id=1311124
2020.08.11.,http://www.betanews.net:8080/article/1220184.html
2020.08.11.,http://www.getnews.co.kr/view.php?ud=2020081110264675597f7a2feaf6_16
2020.08.11.,http://www.kpinews.co.kr/news/articleView.html?idxno=123365
2020.08.11.,http://www.sisaon.co.kr/news/articleView.html?idxno=116672
2020.08.11.,https://www.thisisgame.com/webzine/pds/nboard/267/?n=106948
2020.08.11.,https://game.donga.com/96315/
2020.08.11.,http://daily.hankooki.com/lpage/ittech/202008/dh20200811105407138280.htm?s_ref=nv
2020.08.11.,http://www.nspna.com/news/?mode=view&newsid=446510
2020.08.11.,http://www.dizzotv.com/site/data/html_dir/2020/08/11/2020081180087.html
2020.08.11.,http://www.etnews.com/20200811000137
2020.08.11.,http://www.inven.co.kr/webzine/news/?news=242789
2020.08.11.,http://www.gametoc.co.kr/news/articleView.html?idxno=55650
2020.08.11.,http://www.wolyo.co.kr/news/articleView.html?idxno=107980
2020.08.11.,http://www.gamechosun.co.kr/webzine/article/view.php?no=167427
2020.08.11.,http://www.gameple.co.kr/news/articleView.html?idxno=155154
2020.08.11.,http://www.fomos.kr/redirect/news_view?news_cate_id=2&entry_id=92231
2020.08.11.,http://www.digitaltoday.co.kr/news/articleView.html?idxno=244332
2020.08.11.,http://biz.newdaily.co.kr/site/data/html/2020/08/11/2020081100106.html
2020.08.11.,https://www.youthdaily.co.kr/news/article.html?no=44329
2020.08.11.,http://www.g-enews.com/ko-kr/news/article/news_all/202008111411451902bf45d5d5ea_1/article.html
2020.08.11.,http://www.metroseoul.co.kr/article/20200811500325
2020.08.11.,http://www.osen.co.kr/article/G1111413523
2020.08.11.,http://www.lawissue.co.kr/view.php?ud=202008111608077812204ead0791_12
2020.08.11.,http://www.finomy.com/news/articleView.html?idxno=81562
2020.08.11.,http://www.epnc.co.kr/news/articleView.html?idxno=101851
2020.08.11.,http://www.ajunews.com/view/20200811192248803
2020.08.11.,http://isplus.live.joins.com/news/article/article.asp?total_id=23846455
2020.08.12.,http://www.edaily.co.kr/news/newspath.asp?newsid=01538326625866664
2020.08.12.,http://www.edaily.co.kr/news/newspath.asp?newsid=01571126625866664
2020.08.12.,http://www.thebell.co.kr/front/free/contents/news/article_view.asp?key=202008110818457380102314
2020.08.12.,http://www.fnnews.com/news/202008120822088220
2020.08.12.,http://www.newsis.com/view/?id=NISX20200812_0001126547&cID=10401&pID=10400
2020.08.12.,http://www.ajunews.com/view/20200812083917920
2020.08.12.,http://www.edaily.co.kr/news/newspath.asp?newsid=01771206625866664
2020.08.12.,http://game.mk.co.kr/view.php?year=2020&no=826556
2020.08.12.,http://www.g-enews.com/ko-kr/news/article/news_all/20200810142708950bf45d5d5ea_1/article.html
2020.08.12.,http://www.sporbiz.co.kr/news/articleView.html?idxno=462518
2020.08.12.,http://www.econovill.com/news/articleView.html?idxno=408062
2020.08.12.,http://www.dt.co.kr/contents.html?article_no=2020081302101831054002&ref=naver
2020.08.12.,http://www.kukinews.com/newsView/kuk202008120086
2020.08.12.,https://www.news2day.co.kr/158503
2020.08.13.,http://www.gameshot.net/common/con_view.php?code=GA5f34cd98455d8
2020.08.13.,https://www.gamemeca.com/mv.php?inflow=naver_s&gid=1640923
2020.08.14.,https://www.ebn.co.kr/news/view/1446829/?sc=Naver
2020.08.14.,http://www.youthdaily.co.kr/news/article.html?no=44661
2020.08.14.,https://www.ebn.co.kr/news/view/1446881/?sc=Naver
2020.08.14.,http://www.gameshot.net/common/con_view.php?code=GA5f36a4cc5fd4b
2020.08.18.,http://www.electimes.com/article.php?aid=1597378324203384094
2020.08.19.,http://www.g-enews.com/ko-kr/news/article/news_all/202008180806514255bf45d5d5ea_1/article.html
2020.08.19.,http://www.nbntv.co.kr/news/articleView.html?idxno=901273
2020.08.20.,https://www.lawtimes.co.kr/Legal-News/Legal-News-View?serial=163639
2020.08.20.,http://www.inews24.com/view/1292233
2020.08.20.,http://www.itooza.com/common/iview.php?no=2020082015132322257
2020.08.20.,http://news.bizwatch.co.kr/article/mobile/2020/08/20/0005/naver
2020.08.21.,http://gamefocus.co.kr/detail.php?number=108332
2020.08.26.,https://www.paxnetnews.com/articles/64563
2020.08.28.,http://news.mt.co.kr/mtview.php?no=2020082808221179049
2020.08.28.,https://www.wikitree.co.kr/articles/566860
2020.08.30.,http://www.etnews.com/20200828000056
2020.09.01.,http://www.kpinews.co.kr/news/articleView.html?idxno=124734
2020.09.04.,http://gamefocus.co.kr/detail.php?number=108929
2020.09.08.,http://www.econovill.com/news/articleView.html?idxno=411212
2020.09.09.,https://www.sedaily.com/NewsView/1Z7SEHT6G6
2020.09.09.,https://www.etoday.co.kr/news/view/1938638
2020.09.09.,https://www.ebn.co.kr/news/view/1450076/?sc=Naver
2020.09.10.,http://www.gameshot.net/common/con_view.php?code=GA5f5a09ee7f0e6
2020.09.10.,http://www.nspna.com/news/?mode=view&newsid=452500
2020.09.11.,https://www.paxnetnews.com/articles/64890
2020.09.11.,http://www.etnews.com/20200911000007
2020.09.11.,http://gamefocus.co.kr/detail.php?number=109112
2020.09.11.,http://game.mk.co.kr/view.php?year=2020&no=939717
2020.09.11.,http://game.mk.co.kr/view.php?year=2020&no=941911
2020.09.11.,http://www.gameple.co.kr/news/articleView.html?idxno=155624
2020.09.14.,http://sports.chosun.com/news/ntype.htm?id=202009150100129370008363&servicedate=20200914
2020.09.14.,https://www.paxnetnews.com/articles/65170
2020.09.15.,https://www.paxnetnews.com/articles/64935
2020.09.15.,http://www.sentv.co.kr/news/view/579494
2020.09.18.,http://www.edaily.co.kr/news/newspath.asp?newsid=01423526625901432
2020.09.18.,http://www.inews24.com/view/1300390
2020.09.18.,http://www.newsis.com/view/?id=NISX20200918_0001170514&cID=10403&pID=15000
2020.09.18.,http://www.ajunews.com/view/20200918083737784
2020.09.18.,http://www.fnnews.com/news/202009180842550644
2020.09.18.,https://zdnet.co.kr/view/?no=20200918104840
2020.09.21.,http://www.g-enews.com/ko-kr/news/article/news_all/202009210653185169442088f476_1/article.html
2020.09.21.,http://www.etnews.com/20200921000177
2020.09.21.,http://www.sisaweek.com/news/articleView.html?idxno=137711
2020.09.25.,http://www.newspim.com/news/view/20200925000489
2020.09.29.,http://www.inews24.com/view/1303734
2020.10.03.,http://www.tgdaily.co.kr/news/articleView.html?idxno=303278
2020.10.04.,https://view.asiae.co.kr/article/2020100413084091479
2020.10.04.,http://www.newsworker.co.kr/news/articleView.html?idxno=87132
2020.10.04.,http://www.namdonews.com/news/articleView.html?idxno=585861
2020.10.04.,http://www.nspna.com/news/?mode=view&newsid=456709
2020.10.04.,http://www.nspna.com/news/?mode=view&newsid=456701
2020.10.04.,http://www.newsfreezone.co.kr/news/articleView.html?idxno=264009
2020.10.04.,http://www.nbnnews.co.kr/news/articleView.html?idxno=429546
2020.10.05.,http://www.ajunews.com/view/20201005082709426
2020.10.05.,http://www.breaknews.com/758949
2020.10.05.,http://news.mt.co.kr/mtview.php?no=2020100509011572873
2020.10.05.,http://www.breaknews.com/758954
2020.10.05.,http://www.sisamagazine.co.kr/news/articleView.html?idxno=331748
2020.10.05.,https://view.asiae.co.kr/article/2020100509563233754
2020.10.05.,http://www.ftoday.co.kr/news/articleView.html?idxno=206800
2020.10.05.,http://www.inews24.com/view/1304265
2020.10.05.,http://www.inven.co.kr/webzine/news/?news=245318
2020.10.05.,https://www.thisisgame.com/webzine/news/nboard/4/?n=110913
2020.10.05.,http://www.tgdaily.co.kr/news/articleView.html?idxno=303406
2020.10.05.,http://www.gameshot.net/common/con_view.php?code=GA5f7ab560e5213
2020.10.06.,http://www.ddaily.co.kr/news/article.html?no=202688
2020.10.06.,http://www.tgdaily.co.kr/news/articleView.html?idxno=303429
2020.10.06.,http://www.sisaweek.com/news/articleView.html?idxno=138068
2020.10.06.,http://www.etnews.com/20201006000209
2020.10.07.,http://it.chosun.com/site/data/html_dir/2020/10/06/2020100602757.html
2020.10.07.,http://www.betanews.net:8080/article/1235326.html
2020.10.07.,http://gamefocus.co.kr/detail.php?number=109946
2020.10.07.,https://view.asiae.co.kr/article/2020100711404360946
2020.10.09.,http://www.tgdaily.co.kr/news/articleView.html?idxno=303502
2020.10.14.,http://www.kukinews.com/newsView/kuk202010140092
2020.10.14.,http://www.nspna.com/news/?mode=view&newsid=458599
2020.10.14.,http://www.betanews.net:8080/article/1236267.html
2020.10.20.,http://www.inews24.com/view/1308765
2020.10.20.,http://www.digitaltoday.co.kr/news/articleView.html?idxno=250132
2020.10.21.,http://www.gameple.co.kr/news/articleView.html?idxno=156092
2020.10.21.,https://www.ebn.co.kr/news/view/1455464/?sc=Naver
2020.10.21.,http://www.fnnews.com/news/202010211748541908
2020.10.22.,http://www.inews24.com/view/1309518
2020.10.22.,http://www.inews24.com/view/1309629
2020.10.22.,https://www.thisisgame.com/webzine/news/nboard/4/?n=112380
2020.10.22.,http://www.fomos.kr/redirect/news_view?news_cate_id=7&entry_id=94145
2020.10.22.,http://www.inews24.com/view/1309707
2020.10.22.,http://it.chosun.com/site/data/html_dir/2020/10/22/2020102202606.html
2020.10.22.,http://www.inews24.com/view/1309748
2020.10.22.,http://www.digitaltoday.co.kr/news/articleView.html?idxno=250485
2020.10.23.,http://www.sisamagazine.co.kr/news/articleView.html?idxno=333868
2020.10.23.,http://www.nspna.com/news/?mode=view&newsid=460763
2020.10.23.,https://zdnet.co.kr/view/?no=20201023181048
2020.10.26.,http://news.heraldcorp.com/view.php?ud=20201026000711
2020.10.28.,http://www.readersnews.com/news/articleView.html?idxno=100919
2020.11.01.,http://www.tgdaily.co.kr/news/articleView.html?idxno=304065
2020.11.05.,http://www.nbntv.co.kr/news/articleView.html?idxno=909337
2020.11.05.,http://www.sentv.co.kr/news/view/582296
2020.11.06.,https://zdnet.co.kr/view/?no=20201106110112
2020.11.06.,http://www.dt.co.kr/contents.html?article_no=2020110602109919053005&ref=naver
2020.11.06.,https://www.econovill.com/news/articleView.html?idxno=503948
2020.11.10.,https://biz.chosun.com/site/data/html_dir/2020/11/10/2020111000699.html?utm_source=naver&utm_medium=original&utm_campaign=biz
2020.11.10.,https://zdnet.co.kr/view/?no=20201110091740
2020.11.10.,https://view.asiae.co.kr/article/2020111009235636655
2020.11.10.,http://www.inews24.com/view/1315262
2020.11.10.,http://www.dt.co.kr/contents.html?article_no=2020111002109931054001&ref=naver
2020.11.10.,https://www.asiatoday.co.kr/view.php?key=20201110010006022
2020.11.10.,http://biz.newdaily.co.kr/site/data/html/2020/11/10/2020111000023.html
2020.11.10.,https://www.econovill.com/news/articleView.html?idxno=504310
2020.11.10.,http://www.getnews.co.kr/view.php?ud=2020111009315425397f7a2feaf6_16
2020.11.10.,http://www.betanews.net:8080/article/1239989.html
2020.11.10.,http://www.ftoday.co.kr/news/articleView.html?idxno=208026
2020.11.10.,http://sports.hankooki.com/lpage/economy/202011/sp20201110093904137000.htm?s_ref=nv
2020.11.10.,https://www.etoday.co.kr/news/view/1960615
2020.11.10.,http://game.mk.co.kr/view.php?year=2020&no=1151626
2020.11.10.,http://www.ajunews.com/view/20201110092511235
2020.11.10.,http://gamefocus.co.kr/detail.php?number=111161
2020.11.10.,http://www.gameple.co.kr/news/articleView.html?idxno=156422
2020.11.10.,https://www.ebn.co.kr/news/view/1458421/?sc=Naver
2020.11.10.,http://www.ddaily.co.kr/news/article.html?no=204651
2020.11.10.,https://game.donga.com/97403/
2020.11.10.,http://www.segye.com/content/html/2020/11/10/20201110508295.html?OutUrl=naver
2020.11.10.,https://www.news2day.co.kr/163912
2020.11.10.,http://www.xportsnews.com/?ac=article_view&entry_id=1349580
2020.11.10.,http://www.dizzotv.com/site/data/html_dir/2020/11/10/2020111080073.html
2020.11.10.,https://www.thisisgame.com/webzine/game/nboard/225/?n=113922
2020.11.10.,http://www.seoulfn.com/news/articleView.html?idxno=400531
2020.11.10.,https://www.gamemeca.com/mv.php?inflow=naver_s&gid=1649294
2020.11.10.,http://www.sporbiz.co.kr/news/articleView.html?idxno=501119
2020.11.10.,http://www.inven.co.kr/webzine/news/?news=246882
2020.11.10.,http://daily.hankooki.com/lpage/ittech/202011/dh20201110103211138280.htm?s_ref=nv
2020.11.10.,https://www.techm.kr/news/articleView.html?idxno=77167
2020.11.10.,http://moneys.mt.co.kr/news/mwView.php?no=2020111010378039535
2020.11.10.,http://www.sisaon.co.kr/news/articleView.html?idxno=120187
2020.11.10.,http://news.mt.co.kr/mtview.php?no=2020111010101285601
2020.11.10.,https://www.gamechosun.co.kr/webzine/article/view.php?no=169681
2020.11.10.,http://www.tgdaily.co.kr/news/articleView.html?idxno=304345
2020.11.10.,https://www.news1.kr/articles/?4113929
2020.11.10.,http://news.einfomax.co.kr/news/articleView.html?idxno=4116671
2020.11.10.,http://www.ceoscoredaily.com/news/article.html?no=74965
2020.11.10.,http://www.osen.co.kr/article/G1111470250
2020.11.10.,http://www.nspna.com/news/?mode=view&newsid=464485
2020.11.10.,http://www.gametoc.co.kr/news/articleView.html?idxno=56523
2020.11.10.,http://www.etnews.com/20201110000086
2020.11.10.,http://www.koreastocknews.com/news/articleView.html?idxno=58726
2020.11.10.,http://www.newsway.co.kr/news/view?tp=1&ud=2020111013470662328
2020.11.10.,http://www.newsworks.co.kr/news/articleView.html?idxno=502109
2020.11.10.,http://www.gameshot.net/common/con_view.php?code=GA5faa25b9522fe
2020.11.10.,http://www.newsis.com/view/?id=NISX20201110_0001228831&cID=13001&pID=13000
2020.11.10.,http://www.srtimes.kr/news/articleView.html?idxno=78472
2020.11.10.,http://www.inews24.com/view/1315495
2020.11.10.,http://www.metroseoul.co.kr/article/20201110500439
2020.11.10.,http://www.sisaweek.com/news/articleView.html?idxno=139094
2020.11.10.,https://www.hankyung.com/finance/article/2020111052871
2020.11.10.,https://www.sedaily.com/NewsView/1ZACRYNA4F
2020.11.11.,https://www.asiatoday.co.kr/view.php?key=20201111010007015
2020.11.11.,https://zdnet.co.kr/view/?no=20201111102311
2020.11.11.,http://www.ceoscoredaily.com/news/article.html?no=75015
2020.11.11.,http://www.epnc.co.kr/news/articleView.html?idxno=108315
2020.11.11.,http://www.edaily.co.kr/news/newspath.asp?newsid=02325526625964736
2020.11.11.,http://gamefocus.co.kr/detail.php?number=111218
2020.11.11.,https://game.donga.com/97430/
2020.11.11.,http://sports.khan.co.kr/news/sk_index.html?art_id=202011111055003&sec_id=530101&pt=nv
2020.11.11.,https://www.news2day.co.kr/164020
2020.11.11.,https://www.thisisgame.com/webzine/game/nboard/225/?n=114120
2020.11.11.,http://www.kpinews.co.kr/news/articleView.html?idxno=130504
2020.11.11.,http://isplus.live.joins.com/news/article/article.asp?total_id=23917534
2020.11.11.,http://www.m-i.kr/news/articleView.html?idxno=763766
2020.11.11.,http://www.xportsnews.com/?ac=article_view&entry_id=1350243
2020.11.11.,http://www.betanews.net:8080/article/1240238.html
2020.11.11.,http://www.koreastocknews.com/news/articleView.html?idxno=58785
2020.11.11.,http://game.dailyesports.com/view.php?ud=202011111310521279da2c546b3a_26
2020.11.11.,https://www.gamemeca.com/mv.php?inflow=naver_s&gid=1649449
2020.11.11.,http://www.gameshot.net/common/con_view.php?code=GA5fab6dfd9510a
2020.11.11.,http://www.ekn.kr/web/view.php?key=20201111010002707
2020.11.11.,http://www.newsis.com/view/?id=NISX20201111_0001230371&cID=13001&pID=13000
2020.11.11.,http://game.mk.co.kr/view.php?year=2020&no=1159169
2020.11.11.,https://www.news1.kr/articles/?4115867
2020.11.11.,https://www.sedaily.com/NewsView/1ZAD7Z83GK
2020.11.11.,http://www.youthdaily.co.kr/news/article.html?no=52765
2020.11.12.,http://www.newspim.com/news/view/20201112000483
2020.11.12.,https://www.ebn.co.kr/news/view/1458877/?sc=Naver
2020.11.12.,http://www.sisaweek.com/news/articleView.html?idxno=139178
2020.11.13.,http://kpenews.com/View.aspx?No=1332986
2020.11.13.,http://news.einfomax.co.kr/news/articleView.html?idxno=4117311
2020.11.13.,https://biz.chosun.com/site/data/html_dir/2020/11/13/2020111300465.html?utm_source=naver&utm_medium=original&utm_campaign=biz
2020.11.13.,http://www.newspim.com/news/view/20201113000062
2020.11.13.,https://www.dailian.co.kr/news/view/936346/?sc=Naver
2020.11.13.,http://www.newsway.co.kr/news/view?tp=1&ud=2020111308174120177
2020.11.13.,http://www.startuptoday.co.kr/news/articleView.html?idxno=60811
2020.11.13.,https://www.ebn.co.kr/news/view/1458974/?sc=Naver
2020.11.13.,http://www.getnews.co.kr/view.php?ud=2020111308235211837f7a2feaf6_16
2020.11.13.,http://news.mt.co.kr/mtview.php?no=2020111308171122261
2020.11.13.,http://www.lcnews.co.kr/news/articleView.html?idxno=9741
2020.11.13.,https://www.news1.kr/articles/?4117498
2020.11.13.,http://moneys.mt.co.kr/news/mwView.php?no=2020111308088089508
2020.11.13.,https://www.etoday.co.kr/news/view/1962101
2020.11.13.,https://zdnet.co.kr/view/?no=20201113082104
2020.11.13.,https://www.ekn.kr/web/view.php?key=20201113010003161
2020.11.13.,http://daily.hankooki.com/lpage/ittech/202011/dh20201113083422138240.htm?s_ref=nv
2020.11.13.,https://www.asiatoday.co.kr/view.php?key=20201113010008775
2020.11.13.,http://www.lawissue.co.kr/view.php?ud=202011130839212777204ead0791_12
2020.11.13.,http://www.gametoc.co.kr/news/articleView.html?idxno=56570
2020.11.13.,http://www.consumernews.co.kr/news/articleView.html?idxno=615585
2020.11.13.,http://www.newstomato.com/ReadNews.aspx?no=1006758
2020.11.13.,http://www.edaily.co.kr/news/newspath.asp?newsid=01669526625965392
2020.11.13.,http://www.apparelnews.co.kr/news/news_view/?idx=186343
2020.11.13.,https://www.news2day.co.kr/164190
2020.11.13.,http://www.youthdaily.co.kr/news/article.html?no=52917
2020.11.13.,http://www.newsis.com/view/?id=NISX20201113_0001232611&cID=13001&pID=13000
2020.11.13.,http://www.kpinews.co.kr/news/articleView.html?idxno=130663
2020.11.13.,http://www.srtimes.kr/news/articleView.html?idxno=78798
2020.11.13.,http://biz.newdaily.co.kr/site/data/html/2020/11/13/2020111300028.html
2020.11.13.,https://www.econovill.com/news/articleView.html?idxno=504979
2020.11.13.,http://www.ddaily.co.kr/news/article.html?no=204831
2020.11.13.,http://www.gameshot.net/common/con_view.php?code=GA5fadce4403590
2020.11.13.,http://www.wowtv.co.kr/NewsCenter/News/Read?articleId=A202011130055&t=NN
2020.11.13.,https://www.fetv.co.kr/news/article.html?no=68406
2020.11.13.,http://news.mk.co.kr/newsRead.php?no=1166059&year=2020
2020.11.13.,http://www.m-i.kr/news/articleView.html?idxno=764682
2020.11.13.,http://www.nspna.com/news/?mode=view&newsid=465334
2020.11.13.,http://news.kbiz.or.kr/news/articleView.html?idxno=74626
2020.11.13.,http://www.seoulfn.com/news/articleView.html?idxno=400957
2020.11.13.,http://www.datanet.co.kr/news/articleView.html?idxno=152786
2020.11.13.,http://www.epnc.co.kr/news/articleView.html?idxno=108548
2020.11.13.,http://www.opinionnews.co.kr/news/articleView.html?idxno=42967
2020.11.13.,http://www.fomos.kr/redirect/news_view?news_cate_id=7&entry_id=94753
2020.11.13.,http://www.dizzotv.com/site/data/html_dir/2020/11/13/2020111380033.html
2020.11.13.,http://www.gameple.co.kr/news/articleView.html?idxno=156495
2020.11.13.,http://www.xportsnews.com/?ac=article_view&entry_id=1351399
2020.11.13.,http://www.ceoscoredaily.com/news/article.html?no=75142
2020.11.13.,http://gamefocus.co.kr/detail.php?number=111315
2020.11.13.,http://www.newsworks.co.kr/news/articleView.html?idxno=503032
2020.11.13.,https://platum.kr/archives/152178
2020.11.13.,http://www.digitaltoday.co.kr/news/articleView.html?idxno=253044
2020.11.13.,http://www.gameshot.net/common/con_view.php?code=GA5fadd716b3d0c
2020.11.13.,https://www.thisisgame.com/webzine/news/nboard/4/?n=114312
2020.11.13.,http://www.ftoday.co.kr/news/articleView.html?idxno=208149
2020.11.13.,http://game.mk.co.kr/view.php?year=2020&no=1166500
2020.11.13.,http://www.newsworker.co.kr/news/articleView.html?idxno=91804
2020.11.13.,http://www.electimes.com/article.php?aid=1605230999208010094
2020.11.13.,http://www.kdpress.co.kr/news/articleView.html?idxno=98505
2020.11.13.,http://www.ajunews.com/view/20201113103426350
2020.11.13.,http://www.etnews.com/20201113000041
2020.11.13.,https://www.techm.kr/news/articleView.html?idxno=77298
2020.11.13.,https://www.paxnetnews.com/articles/67271
2020.11.13.,http://www.onews.tv/news/articleView.html?idxno=38786
2020.11.13.,http://www.inven.co.kr/webzine/news/?news=247071
2020.11.13.,http://www.inews24.com/view/1316625
2020.11.13.,http://news.bizwatch.co.kr/article/mobile/2020/11/13/0006/naver
2020.11.13.,https://www.hankyung.com/it/article/202011136672g
2020.11.13.,http://www.epnc.co.kr/news/articleView.html?idxno=108583
2020.11.13.,http://www.edaily.co.kr/news/newspath.asp?newsid=02446886625965392
2020.11.13.,http://www.betanews.net:8080/article/1240648.html
2020.11.13.,http://www.osen.co.kr/article/G1111472533
2020.11.13.,http://www.fintechpost.co.kr/news/articleView.html?idxno=119840
2020.11.13.,http://www.bloter.net/archives/474905
2020.11.13.,https://www.nocutnews.co.kr/news/5446705
2020.11.13.,http://www.shinailbo.co.kr/news/articleView.html?idxno=1342743
2020.11.13.,http://www.inews24.com/view/1316738
2020.11.13.,http://www.areyou.co.kr/news/articleView.html?idxno=62759
2020.11.13.,http://www.metroseoul.co.kr/article/20201113500109
2020.11.13.,https://www.econovill.com/news/articleView.html?idxno=505066
2020.11.13.,https://www.gamemeca.com/mv.php?inflow=naver_s&gid=1649676
2020.11.13.,http://news.khan.co.kr/kh_news/khan_art_view.html?artid=202011131621001&code=920100
2020.11.13.,http://www.sisaweek.com/news/articleView.html?idxno=139213
2020.11.13.,http://www.koreastocknews.com/news/articleView.html?idxno=58871
2020.11.13.,https://www.wikitree.co.kr/articles/591258
2020.11.13.,http://www.hellot.net/new_hellot/magazine/magazine_read.html?code=202&sub=003&idx=55097
2020.11.14.,http://www.sisaon.co.kr/news/articleView.html?idxno=120427
2020.11.16.,http://www.betanews.net:8080/article/1240794.html
2020.11.16.,http://www.digitaltoday.co.kr/news/articleView.html?idxno=253121
2020.11.16.,http://www.cctvnews.co.kr/news/articleView.html?idxno=213655
2020.11.16.,http://www.newsprime.co.kr/news/article.html?no=524241
2020.11.16.,http://www.gokorea.kr/692687
2020.11.16.,http://www.gameshot.net/common/con_view.php?code=GA5fb1f2da9263d
2020.11.16.,http://www.consumernews.co.kr/news/articleView.html?idxno=615668
2020.11.16.,http://it.chosun.com/site/data/html_dir/2020/11/16/2020111602370.html
2020.11.18.,http://www.inews24.com/view/1317796
2020.11.18.,https://www.thisisgame.com/webzine/game/nboard/225/?n=114551
2020.11.18.,http://www.kdpress.co.kr/news/articleView.html?idxno=98667
2020.11.19.,https://www.fetv.co.kr/news/article.html?no=68918
2020.11.19.,http://www.g-enews.com/ko-kr/news/article/news_all/2020111915544733081aef83fcde_1/article.html
2020.11.19.,http://www.gametoc.co.kr/news/articleView.html?idxno=56647
2020.11.19.,http://news.bizwatch.co.kr/article/mobile/2020/11/19/0015/naver
2020.11.19.,http://www.koreastocknews.com/news/articleView.html?idxno=59048
2020.11.20.,http://www.gvalley.co.kr/news/articleView.html?idxno=574940
2020.11.20.,http://www.inews24.com/view/1319091
2020.11.23.,http://www.etnews.com/20201123000131
2020.11.23.,http://www.inews24.com/view/1319779
2020.11.25.,http://www.inews24.com/view/1320524
2020.11.25.,http://www.inews24.com/view/1320255
2020.12.01.,http://www.etnews.com/20201201000057
2020.12.08.,http://www.inews24.com/view/1324694
2020.12.08.,http://www.inews24.com/view/1324852
2020.12.11.,http://www.ftoday.co.kr/news/articleView.html?idxno=209227
2020.12.14.,http://www.gameshot.net/common/con_view.php?code=GA5fd700a846a49
2020.12.14.,https://www.thisisgame.com/webzine/game/nboard/225/?n=116367
2020.12.14.,http://www.inven.co.kr/webzine/news/?news=248712
2020.12.14.,https://www.fetv.co.kr/news/article.html?no=71335
2020.12.14.,http://www.getnews.co.kr/news/articleView.html?idxno=504652
2020.12.14.,http://www.inews24.com/view/1326569
2020.12.14.,http://www.gametoc.co.kr/news/articleView.html?idxno=56927
2020.12.14.,http://www.thebigdata.co.kr/view.php?ud=20201214161348942d0a8833aad_23
2020.12.14.,http://game.mk.co.kr/view.php?year=2020&no=1283214
2020.12.14.,http://www.digitaltoday.co.kr/news/articleView.html?idxno=256540
2020.12.14.,http://www.newspim.com/news/view/20201214001004
2020.12.14.,https://www.gamechosun.co.kr/webzine/article/view.php?no=170829
2020.12.14.,http://www.shinailbo.co.kr/news/articleView.html?idxno=1354553
2020.12.14.,http://kbench.com/?q=node/216783
2020.12.14.,http://www.youthdaily.co.kr/news/article.html?no=56017
2020.12.14.,http://www.gokorea.kr/694553
2020.12.15.,http://www.epnc.co.kr/news/articleView.html?idxno=111212
2020.12.15.,http://www.cctvnews.co.kr/news/articleView.html?idxno=216164
2020.12.17.,https://zdnet.co.kr/view/?no=20201217103932
2020.12.18.,http://www.ntoday.co.kr/news/articleView.html?idxno=76302
2020.12.22.,http://www.inven.co.kr/webzine/news/?news=249207
2020.12.24.,https://www.thisisgame.com/webzine/game/nboard/225/?n=117167
2020.12.26.,http://www.tgdaily.co.kr/news/articleView.html?idxno=305398
2020.12.27.,http://www.newspim.com/news/view/20201224000535
2020.12.27.,https://www.ekn.kr/web/view.php?key=20201227010006313
